./maths tb or so/Linear Algebra Done Right.pdf	Linear Algebra Done Right
./maths tb or so/Rudin Solutions.collection/rudin ch 2.pdf	rudin ch 2
./maths tb or so/Rudin Solutions.collection/rudin ch 7.pdf	rudin ch 7
./maths tb or so/Rudin Solutions.collection/rudin ch 1.pdf	rudin ch 1
./maths tb or so/1300 Math Formulas.pdf	1300 Math Formulas
./maths tb or so/The math problems notebook.pdf	The math problems notebook
./maths tb or so/Elementary Number Theory - Kenneth H Rosen.pdf	Elementary Number Theory - Kenneth H Rosen
./maths tb or so/ Number Theory Lecture notes - Michael Stoll.pdf	 Number Theory Lecture notes - Michael Stoll
./maths tb or so/Modelling Fluid Flow.pdf	Modelling Fluid Flow
./maths tb or so/Algorithms-Atallah.djvu	Algorithms-Atallah
./maths tb or so/group theory.pdf	group theory
./maths tb or so/Elementary Number Theory - Burton.pdf	Elementary Number Theory - Burton
./maths tb or so/Graph Theory - Harary.djvu	Graph Theory - Harary
,./maths tb or so/An Introduction to the Theory of Numbers - Ivan Niven, Herbert S Zuckerman, Hugh L Montgomery.pdf	,An Introduction to the Theory of Numbers - Ivan Niven, Herbert S Zuckerman, Hugh L Montgomery
,./maths tb or so/Marek Jarnicki, Peter Pflug - Continuous Nowhere Differentiable Functions_ The Monsters of Analysis (2016).pdf	,Marek Jarnicki, Peter Pflug - Continuous Nowhere Differentiable Functions_ The Monsters of Analysis (2016)
./maths tb or so/Analytical Combinatorics.pdf	Analytical Combinatorics
./maths tb or so/Computer algebra and symbolic computation elementary algorithms by Joel S Cohen.pdf	Computer algebra and symbolic computation elementary algorithms by Joel S Cohen
./maths tb or so/Reading Writing And Proving.pdf	Reading Writing And Proving
./maths tb or so/Real Analysis Foundations - Krantz.pdf	Real Analysis Foundations - Krantz
./maths tb or so/Elementary Number Theory - Kenneth H Rosen - Solution Manual.pdf	Elementary Number Theory - Kenneth H Rosen - Solution Manual
./maths tb or so/Principles of mathematical analysis - Walter Rudin.pdf	Principles of mathematical analysis - Walter Rudin
./maths tb or so/A Walk Through Combinatorics.pdf	A Walk Through Combinatorics
,./maths tb or so/Introduction to combinatorics, Course Notes.pdf	,Introduction to combinatorics, Course Notes
,./maths tb or so/Ken Binmore - Game theory, a very short introduction.pdf	,Ken Binmore - Game theory, a very short introduction
./maths tb or so/Combinatoric - A Guided Tour.pdf	Combinatoric - A Guided Tour
./maths tb or so/Stationary Points of Functions of Two Variables.pdf	Stationary Points of Functions of Two Variables
./maths tb or so/Introduction to Real Analysis -Bartle and Sherbert.pdf	Introduction to Real Analysis -Bartle and Sherbert
,./maths tb or so/Sphere Packings, Lattices and Groups.djvu	,Sphere Packings, Lattices and Groups
./maths tb or so/Atlas of simple Groups - JH Conway.pdf	Atlas of simple Groups - JH Conway
./maths tb or so/A First Course in Abstract Algebra - John B Fraleigh - Solution Manual.pdf	A First Course in Abstract Algebra - John B Fraleigh - Solution Manual
./maths tb or so/Topology of Metric Spaces - S Kumaresan.djvu	Topology of Metric Spaces - S Kumaresan
./maths tb or so/Discrete Mathematics.pdf	Discrete Mathematics
./maths tb or so/Geometry Revisited.pdf	Geometry Revisited
./maths tb or so/Game Theory - Hans Peters.pdf	Game Theory - Hans Peters
./maths tb or so/Introductory Combinatrics - Brualdi.pdf	Introductory Combinatrics - Brualdi
./maths tb or so/Elementary Number Theory - Jone and Jones.pdf	Elementary Number Theory - Jone and Jones
./islamic art/Connections.djvu	Connections
./islamic art/Geometry of Design.pdf	Geometry of Design
./islamic art/Bourgoin Sources.pdf	Bourgoin Sources
./islamic art/The Analytic Art.djvu	The Analytic Art
,./islamic art/Symmetries of Islamic Geometrical Patterns - Abas SJ, Salman AS, Moustafa A.pdf	,Symmetries of Islamic Geometrical Patterns - Abas SJ, Salman AS, Moustafa A
./islamic art/Hankin ASI.pdf	Hankin ASI
./islamic art/Viewpoints.pdf	Viewpoints
./islamic art/Symetries.pdf	Symetries
./islamic art/Rosette Analysis.pdf	Rosette Analysis
./islamic art/Star Patterns - AJ Lee.pdf	Star Patterns - AJ Lee
./islamic art/Rosette Chapter.pdf	Rosette Chapter
,./islamic art/Art of the Islamic World A Resource for Educators - Maryam D. Ekhtiar, Claire Moore.pdf	,Art of the Islamic World A Resource for Educators - Maryam D. Ekhtiar, Claire Moore
,./islamic art/Islamic geometric patterns, their historical development and traditional methods of construction.pdf	,Islamic geometric patterns, their historical development and traditional methods of construction
./islamic art/Islamic Design - A Mathematical Approach.pdf	Islamic Design - A Mathematical Approach
./generative art/Making Music with Computers.pdf	Making Music with Computers
./generative art/Cell Noise And Processing.pdf	Cell Noise And Processing
./generative art/An Evolutionary Architecture - John Frazer.pdf	An Evolutionary Architecture - John Frazer
./generative art/pink noise.pdf	pink noise
./generative art/gifsicle.pdf	gifsicle
,./generative art/Texturing and Modeling, A Procedural Approach.pdf	,Texturing and Modeling, A Procedural Approach
./generative art/wavelet.pdf	wavelet
./generative art/Generative Art - Matt Pearsons.pdf	Generative Art - Matt Pearsons
./generative art/Programming Design Systems.pdf	Programming Design Systems
./generative art/A Companion to Digital Art.pdf	A Companion to Digital Art
./generative art/Mathematical Typography.pdf	Mathematical Typography
,./generative art/Learning Processing. A Beginner's Guide to Programming Images, Animation, and Interaction (Morgan Kaufmann Series) - Daniel Shiffman.pdf	,Learning Processing. A Beginner's Guide to Programming Images, Animation, and Interaction (Morgan Kaufmann Series) - Daniel Shiffman
./generative art/Mastering Open CV with practical computer vision projects.epub	Mastering Open CV with practical computer vision projects
,./generative art/Processing - Creative Coding and Generative Art in Processing - Ira Greenberg, Dianna Xu, Deepak Kumar.pdf	,Processing - Creative Coding and Generative Art in Processing - Ira Greenberg, Dianna Xu, Deepak Kumar
,./generative art/Code as Creative Medium -A Handbook for Computational Art and Design - Golan Levin,  Tega Brain.pdf	,Code as Creative Medium -A Handbook for Computational Art and Design - Golan Levin,  Tega Brain
./generative art/Processing - A Programming Handbook for Visual Designers and Artists.pdf	Processing - A Programming Handbook for Visual Designers and Artists
./generative art/venation.pdf	venation
./generative art/math of photogrammetry.pdf	math of photogrammetry
./generative art/3D Rendering in Computer Graphics - Patricia Dobbins.pdf	3D Rendering in Computer Graphics - Patricia Dobbins
./generative art/Computer Graphics from Scratch A Programmers Introduction to 3D Rendering - Gabriel Gambetta.pdf	Computer Graphics from Scratch A Programmers Introduction to 3D Rendering - Gabriel Gambetta
./generative art/Shaders for Game Programmers and Artists by Sebastien St-Laurent.pdf	Shaders for Game Programmers and Artists by Sebastien St-Laurent
./generative art/SVG Essentials - J. Eisenberg.pdf	SVG Essentials - J. Eisenberg
./generative art/Computer Graphics Programming in OpenGL Using C++.pdf	Computer Graphics Programming in OpenGL Using C++
./generative art/white noise filtered to pink.pdf	white noise filtered to pink
./generative art/The Laws of Simplicity.pdf	The Laws of Simplicity
,./generative art/Visualization in Medicine -Theory, Algorithms, and Applications.pdf	,Visualization in Medicine -Theory, Algorithms, and Applications
./generative art/Interactive Computer Graphics.pdf	Interactive Computer Graphics
,./generative art/Jim Blinn's Corner - Notation, Notation, Notation.pdf	,Jim Blinn's Corner - Notation, Notation, Notation
,./generative art/Topics in the Theory of Random Noise, Volume I General Theory of Rand - R.L. Stratonovich.djvu	,Topics in the Theory of Random Noise, Volume I General Theory of Rand - R.L. Stratonovich
./generative art/simplexnoise.pdf	simplexnoise
./generative art/Grokking Algorithms.pdf	Grokking Algorithms
./generative art/Interaction of Color.pdf	Interaction of Color
./generative art/minim.pdf	minim
,./generative art/Virtual Muse, Experiments in Computer Poetry (Wesleyan Poetry Series) - Charles I Hartman.pdf	,Virtual Muse, Experiments in Computer Poetry (Wesleyan Poetry Series) - Charles I Hartman
./generative art/orca.pdf	orca
./generative art/voss.pdf	voss
./generative art/OpenGL 4.0 Shading Language Cookbook.epub	OpenGL 4.0 Shading Language Cookbook
./generative art/Radiosity and Realistic Image Synthesis - Morgan Kaufmann.pdf	Radiosity and Realistic Image Synthesis - Morgan Kaufmann
./generative art/book of shader.pdf	book of shader
./generative art/The Nature of Code - Simulating Natural Systems with Processing - Daniel Shiffman.epub	The Nature of Code - Simulating Natural Systems with Processing - Daniel Shiffman
./generative art/GLSL Essentials.pdf	GLSL Essentials
./generative art/Point-based graphics.pdf	Point-based graphics
./standalone/The Laboratory Notebooks of Pierre and Marie Curie.pdf	The Laboratory Notebooks of Pierre and Marie Curie
./standalone/Corona Jihad - COVID19 Misinformation.pdf	Corona Jihad - COVID19 Misinformation
./standalone/Diffusion Limited Aggression.pdf	Diffusion Limited Aggression
./standalone/Noise Improv.pdf	Noise Improv
./standalone/Stars from Polygons in Contact.pdf	Stars from Polygons in Contact
./standalone/Knot.pdf	Knot
,./standalone/Cell biology, a short course.djvu	,Cell biology, a short course
./standalone/Building Up.pdf	Building Up
./standalone/Kircher's Mechanical Composer.pdf	Kircher's Mechanical Composer
./standalone/Penrose Lace.pdf	Penrose Lace
./standalone/Fractal Landscape.pdf	Fractal Landscape
./standalone/Simplex Noise.pdf	Simplex Noise
./standalone/Block Coherence.pdf	Block Coherence
./standalone/Pigeon Religion - BF Skinner.pdf	Pigeon Religion - BF Skinner
./standalone/Intuition - A Social Cognitive Neuroscience Approach.pdf	Intuition - A Social Cognitive Neuroscience Approach
./standalone/Data Hiding using DNA Compression.pdf	Data Hiding using DNA Compression
./standalone/Multi Color Dye Diffusion.pdf	Multi Color Dye Diffusion
./standalone/Five hundred and Seven Mechanical Movements - Henry T Brown.pdf	Five hundred and Seven Mechanical Movements - Henry T Brown
./standalone/Marching Cubes.pdf	Marching Cubes
./standalone/Male-Male Desire in Pharaonic Egypt.pdf	Male-Male Desire in Pharaonic Egypt
./standalone/Fractal Flame Algorithm.pdf	Fractal Flame Algorithm
./standalone/Lucien Carr.pdf	Lucien Carr
./standalone/Ants.pdf	Ants
./standalone/Multifractal Terrain.pdf	Multifractal Terrain
./standalone/Patern Classification Algorithm.pdf	Patern Classification Algorithm
./standalone/Worley Noise.pdf	Worley Noise
./standalone/Class of Local Interpolating Splines.pdf	Class of Local Interpolating Splines
./standalone/Pigeonhole.pdf	Pigeonhole
./standalone/Experiments in Processing.pdf	Experiments in Processing
./standalone/Fibbonaci DNA.pdf	Fibbonaci DNA
./standalone/Value Noise.pdf	Value Noise
./standalone/Why Knot.pdf	Why Knot
./standalone/thumbs/Implicit Neural Representations with Periodic	Implicit Neural Representations with Periodic
Activation Functions.pdf	Activation Functions
./standalone/Dooms Day.pdf	Dooms Day
./standalone/Recursive Algorithm for Catmull Rom Splines.pdf	Recursive Algorithm for Catmull Rom Splines
./standalone/Fast Simulation of CMB.pdf	Fast Simulation of CMB
./standalone/Acoustic Wave Sensor for DNA analysis.pdf	Acoustic Wave Sensor for DNA analysis
./standalone/Realistic Landscape.pdf	Realistic Landscape
./standalone/Mechanistic Theory of Life.pdf	Mechanistic Theory of Life
./standalone/Steering Behaviours.pdf	Steering Behaviours
./standalone/Pigeons in a Pelicon.pdf	Pigeons in a Pelicon
./standalone/Academic Ableism_ Disability and Higher Education - ay Timothy Dolmage.epub	Academic Ableism_ Disability and Higher Education - ay Timothy Dolmage
./standalone/fractals_fpt.pdf	fractals_fpt
./standalone/DNA addition.pdf	DNA addition
./standalone/kutum's mail.pdf	kutum's mail
./standalone/Cosmic Microwave Background.pdf	Cosmic Microwave Background
./standalone/Solar Equation.pdf	Solar Equation
./murderous maths/The Secret of Sums.epub	The Secret of Sums
./murderous maths/All Shapes and Sizes.epub	All Shapes and Sizes
./murderous maths/Mean and Vulgar Bits.pdf	Mean and Vulgar Bits
./murderous maths/ Murderous Maths.djvu	 Murderous Maths
./murderous maths/The Gobsmacking Galaxy.pdf	The Gobsmacking Galaxy
./murderous maths/The Most Epic Book of Maths EVER.epub	The Most Epic Book of Maths EVER
./languagesNcodes/Serbian Fluency 1.pdf	Serbian Fluency 1
./languagesNcodes/Polish-TY.pdf	Polish-TY
./languagesNcodes/Warlpiri.pdf	Warlpiri
./languagesNcodes/Python GUI Programming Cookbook.pdf	Python GUI Programming Cookbook
./languagesNcodes/Vietnamese North.pdf	Vietnamese North
,./languagesNcodes/Fijian Language, Handbook of the (Moore) (1893).pdf	,Fijian Language, Handbook of the (Moore) (1893)
./languagesNcodes/gsci_gsci_2009_gwichin_topical_dictionary.pdf	gsci_gsci_2009_gwichin_topical_dictionary
./languagesNcodes/Garo_ The Language of the Modhupur Mandi (Garo) - Vol 1 (Burling).pdf	Garo_ The Language of the Modhupur Mandi (Garo) - Vol 1 (Burling)
./languagesNcodes/Python Data Science Handbook.epub	Python Data Science Handbook
,./languagesNcodes/Lakota Language, Reading and Writing the (White Hat).pdf	,Lakota Language, Reading and Writing the (White Hat)
./languagesNcodes/Afrikaans-TY.pdf	Afrikaans-TY
./languagesNcodes/ZeroMQ.pdf	ZeroMQ
./languagesNcodes/OpenGL SuperBible.pdf	OpenGL SuperBible
./languagesNcodes/El Catalan Sin Esfuerzo - Catalan for Spanish Speaking People (Catalan and Spanish Edition) .pdf	El Catalan Sin Esfuerzo - Catalan for Spanish Speaking People (Catalan and Spanish Edition)
./languagesNcodes/PHP Cookbook.pdf	PHP Cookbook
./languagesNcodes/Persian-TY.pdf	Persian-TY
./languagesNcodes/Abstract Algebra Appliations.pdf	Abstract Algebra Appliations
./languagesNcodes/Japanese for Busy People.pdf	Japanese for Busy People
./languagesNcodes/Unofficial-Lakota-Language-Guide.pdf	Unofficial-Lakota-Language-Guide
,./languagesNcodes/Greg London - Impatient perl (2009, Unknown Publisher) - libgen.lc.pdf	,Greg London - Impatient perl (2009, Unknown Publisher) - libgen.lc
./languagesNcodes/Arabic-Egypt-Routledge.pdf	Arabic-Egypt-Routledge
./languagesNcodes/Latin - An Intensive Course (Moreland _ Fleischer).pdf	Latin - An Intensive Course (Moreland _ Fleischer)
./languagesNcodes/Welsh-three-months.pdf	Welsh-three-months
./languagesNcodes/ASL-dictionary.pdf	ASL-dictionary
./languagesNcodes/Latvian-Routledge.pdf	Latvian-Routledge
./languagesNcodes/Bengali-TY-Radice.pdf	Bengali-TY-Radice
./languagesNcodes/PL-C96.pdf	PL-C96
./languagesNcodes/Algorithms for Programmers.pdf	Algorithms for Programmers
,./languagesNcodes/Maori, Beginners (Harawira).pdf	,Maori, Beginners (Harawira)
./languagesNcodes/Quick Signs.pdf	Quick Signs
./languagesNcodes/Polish-Routledge.pdf	Polish-Routledge
./languagesNcodes/Manual_Aula_de_Galego_4_libro_completo.pdf	Manual_Aula_de_Galego_4_libro_completo
./languagesNcodes/Ktunaxa-+Colours.pdf	Ktunaxa-+Colours
./languagesNcodes/A Gateway To Sindarin.pdf	A Gateway To Sindarin
./languagesNcodes/Tasmanian (Crowley _ Dixon).pdf	Tasmanian (Crowley _ Dixon)
./languagesNcodes/many1000 kanjis - japanese dictionary (0) - libgen.lc.pdf	many1000 kanjis - japanese dictionary (0) - libgen.lc
./languagesNcodes/Tagalog for Beginners .pdf	Tagalog for Beginners
./languagesNcodes/Psycholinguistics.pdf	Psycholinguistics
,./languagesNcodes/Aymara, Beginning (Wexler).pdf	,Aymara, Beginning (Wexler)
./languagesNcodes/Swedish-Routledge.pdf	Swedish-Routledge
./languagesNcodes/arabic calligraphy.pdf	arabic calligraphy
./languagesNcodes/Czech-TY.pdf	Czech-TY
./languagesNcodes/Writing Linux Device Drivers in Assembly Language.pdf	Writing Linux Device Drivers in Assembly Language
./languagesNcodes/Hebrew-Grammar.pdf	Hebrew-Grammar
./languagesNcodes/Al-Kitaab fii Ta`allum al-`Arabiyya Part 3.pdf	Al-Kitaab fii Ta`allum al-`Arabiyya Part 3
./languagesNcodes/Burmese-Routledge.pdf	Burmese-Routledge
./languagesNcodes/Dutch-TY.pdf	Dutch-TY
./languagesNcodes/Dictionary Yaqui Yoeme Hiaki-English .pdf	Dictionary Yaqui Yoeme Hiaki-English
./languagesNcodes/Australian Kriol_ An Introduction to Conversational Kriol (Sandefur _ Sandefur).pdf	Australian Kriol_ An Introduction to Conversational Kriol (Sandefur _ Sandefur)
,./languagesNcodes/Eric Matthes - Python Crash Course_ A Hands-On, Project-Based Introduction to Programming (2015, No Starch Press) - libgen.lc.pdf	,Eric Matthes - Python Crash Course_ A Hands-On, Project-Based Introduction to Programming (2015, No Starch Press) - libgen.lc
./languagesNcodes/THEFOUNDERPRINCIPLEINCREOLEGENESIS.pdf	THEFOUNDERPRINCIPLEINCREOLEGENESIS
./languagesNcodes/Ktunaxa+Animals-+Birds.pdf	Ktunaxa+Animals-+Birds
./languagesNcodes/Analysing sentences.pdf	Analysing sentences
./languagesNcodes/Mapudungun.pdf	Mapudungun
./languagesNcodes/Nepali-TY.pdf	Nepali-TY
./languagesNcodes/Windows Commands.pdf	Windows Commands
./languagesNcodes/Latin-TY.pdf	Latin-TY
./languagesNcodes/Spanish-Grammar.pdf	Spanish-Grammar
./languagesNcodes/Portuguese-TY-Br.pdf	Portuguese-TY-Br
./languagesNcodes/El Coreano Basico.pdf	El Coreano Basico
./languagesNcodes/Australian Sign Language (Auslan)_ An introduction to sign language linguistics .pdf	Australian Sign Language (Auslan)_ An introduction to sign language linguistics
./languagesNcodes/Perl One-Liners 130 Programs That Get Things Done.epub	Perl One-Liners 130 Programs That Get Things Done
./languagesNcodes/Kannada Lessons for Beginners.pdf .pdf	Kannada Lessons for Beginners.pdf
./languagesNcodes/Kurmanji.pdf	Kurmanji
./languagesNcodes/Malayalam - A University Course and Reference Grammar (Moag).pdf	Malayalam - A University Course and Reference Grammar (Moag)
,./languagesNcodes/Cherokee, Introduction to (Howard _ Eby).pdf	,Cherokee, Introduction to (Howard _ Eby)
./languagesNcodes/Maltese-TY.pdf	Maltese-TY
./languagesNcodes/Diccionario Guaraní-Español y Español-Guaraní _ Ñe_êngueryru Avañe_e-Caraiñe_ê Ha Caraiñe_ê-Avañe_ê .pdf	Diccionario Guaraní-Español y Español-Guaraní _ Ñe_êngueryru Avañe_e-Caraiñe_ê Ha Caraiñe_ê-Avañe_ê
,./languagesNcodes/living language swahili, a complete course for beginners, book.pdf .pdf	,living language swahili, a complete course for beginners, book.pdf
./languagesNcodes/Low German - East Frisian dialect (Matras _ Reershemius).pdf	Low German - East Frisian dialect (Matras _ Reershemius)
./languagesNcodes/Lao Basics_ An Introduction to the Lao Language .pdf	Lao Basics_ An Introduction to the Lao Language
./languagesNcodes/Writing R Extensions.pdf	Writing R Extensions
,./languagesNcodes/Samoan Language, Grammar and Vocabulary of the (Neffgen) (1918).pdf	,Samoan Language, Grammar and Vocabulary of the (Neffgen) (1918)
,./languagesNcodes/DK - 15-Minute Arabic_ Learn in just 12 weeks (2018, DK Publishing) - libgen.li.pdf	,DK - 15-Minute Arabic_ Learn in just 12 weeks (2018, DK Publishing) - libgen.li
./languagesNcodes/Romanian-Routledge.pdf	Romanian-Routledge
./languagesNcodes/Tlingit Grammar Handbook (Crippen).pdf	Tlingit Grammar Handbook (Crippen)
./languagesNcodes/Scottish-TY.pdf	Scottish-TY
./languagesNcodes/Náhuatl como segunda lengua .pdf	Náhuatl como segunda lengua
./languagesNcodes/Guarani Basic Course. Part 1 .pdf	Guarani Basic Course. Part 1
./languagesNcodes/Tiuelis titlajtlajtos náhuatl _ Puede hablar el náhuatl .pdf	Tiuelis titlajtlajtos náhuatl _ Puede hablar el náhuatl
./languagesNcodes/An Introduction to Sociolinguistics .pdf	An Introduction to Sociolinguistics
./languagesNcodes/An Introduction to English Phonology.pdf	An Introduction to English Phonology
./languagesNcodes/3000basicJapa.pdf	3000basicJapa
./languagesNcodes/X-Ray - A Function Call Tracing System.pdf	X-Ray - A Function Call Tracing System
./languagesNcodes/Arabic-Routledge-Levantine.pdf	Arabic-Routledge-Levantine
./languagesNcodes/Arabic-Hippocrene.pdf	Arabic-Hippocrene
./languagesNcodes/Urdu-Routledge.pdf	Urdu-Routledge
./languagesNcodes/Glossika Mass Sentences Hakka (Sixian_Hailu) Fluency 1 .pdf	Glossika Mass Sentences Hakka (Sixian_Hailu) Fluency 1
./languagesNcodes/Spanish-Advanced.pdf	Spanish-Advanced
./languagesNcodes/Manual_Aula_de_Galego_3_resumo_gramatical.pdf	Manual_Aula_de_Galego_3_resumo_gramatical
./languagesNcodes/Manual_Aula_de_Galego_1_resumo_gramatical.pdf	Manual_Aula_de_Galego_1_resumo_gramatical
./languagesNcodes/Sorbian (Upper and Lower) (Stone).pdf	Sorbian (Upper and Lower) (Stone)
./languagesNcodes/Old English-TY.pdf	Old English-TY
./languagesNcodes/Tunumiit oraasiat_ Tunumiut oqaasii The East Greenlandic Inuit language .pdf	Tunumiit oraasiat_ Tunumiut oqaasii The East Greenlandic Inuit language
./languagesNcodes/Ktunaxa-+Place+Names+small+list+.pdf	Ktunaxa-+Place+Names+small+list+
./languagesNcodes/Portuguese-TY.pdf	Portuguese-TY
./languagesNcodes/A Mathematical Theory of Communication.pdf	A Mathematical Theory of Communication
./languagesNcodes/Tongan.pdf	Tongan
./languagesNcodes/Zulu-TY.pdf	Zulu-TY
./languagesNcodes/Fsi-FulaBasicCourse-StudentText.pdf	Fsi-FulaBasicCourse-StudentText
./languagesNcodes/Norwegian-Routledge.pdf	Norwegian-Routledge
./languagesNcodes/Farsi (Persian) for Beginners_ Mastering Conversational Farsi ( PDFDrive.com ).pdf	Farsi (Persian) for Beginners_ Mastering Conversational Farsi ( PDFDrive.com )
,./languagesNcodes/Integrated Chinese Character Workbook Leve - Yuehua Liu, Tao-Chung Yao, Nyan-Ping Bi, L.pdf	,Integrated Chinese Character Workbook Leve - Yuehua Liu, Tao-Chung Yao, Nyan-Ping Bi, L
./languagesNcodes/Yoruba-Routledge.pdf	Yoruba-Routledge
./languagesNcodes/French.pdf	French
./languagesNcodes/Finnish-Routledge.pdf	Finnish-Routledge
,./languagesNcodes/(Learning about Language) Keith Johnson - The history of Early English _ An Activity-based Introduction to Early, Middle and Early Modern English language-Routledge (2016).pdf	,(Learning about Language) Keith Johnson - The history of Early English _ An Activity-based Introduction to Early, Middle and Early Modern English language-Routledge (2016)
./languagesNcodes/Hindi-TY-Rao.pdf	Hindi-TY-Rao
./languagesNcodes/Manual_Aula_de_Galego_1_libro_completo_red.pdf	Manual_Aula_de_Galego_1_libro_completo_red
./languagesNcodes/ED364085.pdf	ED364085
./languagesNcodes/Japanese with Ease vol. 1 (Assimil) (Garnier _ Toshiko).pdf	Japanese with Ease vol. 1 (Assimil) (Garnier _ Toshiko)
./languagesNcodes/Ktunaxa+Animals-+Fish.pdf	Ktunaxa+Animals-+Fish
./languagesNcodes/Diccionario chontal de Tabasco .pdf	Diccionario chontal de Tabasco
./languagesNcodes/Sanskrit-TY.pdf	Sanskrit-TY
./languagesNcodes/A File Comparison Program.pdf	A File Comparison Program
./languagesNcodes/BSL.pdf	BSL
./languagesNcodes/Coreano básico.pdf	Coreano básico
,./languagesNcodes/Women, Fire, and Dangerous Things .pdf	,Women, Fire, and Dangerous Things
./languagesNcodes/Swahili-Routledge.pdf	Swahili-Routledge
./languagesNcodes/Hindi in Three months .pdf	Hindi in Three months
./languagesNcodes/The art of computer programming fascicles by Knuth D.E. (z-lib.org)/The art of computer programming - 7.1.1.Boolean basics.pdf	The art of computer programming - 7.1.1.Boolean basics
./languagesNcodes/The art of computer programming fascicles by Knuth D.E. (z-lib.org)/The art of computer programming - fascicle 1.MMIX.pdf	The art of computer programming - fascicle 1.MMIX
./languagesNcodes/The art of computer programming fascicles by Knuth D.E. (z-lib.org)/The art of computer programming - 7.2.1.6.Generating all trees.pdf	The art of computer programming - 7.2.1.6.Generating all trees
./languagesNcodes/The art of computer programming fascicles by Knuth D.E. (z-lib.org)/The art of computer programming - 7.2.1.7.History of combinatorial generation.pdf	The art of computer programming - 7.2.1.7.History of combinatorial generation
./languagesNcodes/OpenGL Distilled.epub	OpenGL Distilled
./languagesNcodes/Swedish Fluency 1.pdf	Swedish Fluency 1
./languagesNcodes/French-Routledge.pdf	French-Routledge
./languagesNcodes/Hausa.pdf	Hausa
./languagesNcodes/FSI - Luganda Basic Course - Instructor and Student Text.pdf	FSI - Luganda Basic Course - Instructor and Student Text
./languagesNcodes/wicked cool shell scripts wicked cool shell scripts.pdf	wicked cool shell scripts wicked cool shell scripts
./languagesNcodes/Welsh-Routledge.pdf	Welsh-Routledge
,./languagesNcodes/Quechua Basic Course, Ecuadorian (Ott).pdf	,Quechua Basic Course, Ecuadorian (Ott)
./languagesNcodes/Cheat Sheet.pdf	Cheat Sheet
,./languagesNcodes/Perl Graphics Programming Creating SVG, SWF (Flash), JPEG and PNG files with Perl.pdf	,Perl Graphics Programming Creating SVG, SWF (Flash), JPEG and PNG files with Perl
./languagesNcodes/Hindi-TY-Schell.pdf	Hindi-TY-Schell
,./languagesNcodes/[Pocket Reference (O'Reilly)] Mark Lutz - Python Pocket Reference_ Python in Your Pocket (2009, O'Reilly Media) - libgen.lc.epub	,[Pocket Reference (O'Reilly)] Mark Lutz - Python Pocket Reference_ Python in Your Pocket (2009, O'Reilly Media) - libgen.lc
./languagesNcodes/Python Data Science_ The Ultimate Handbook for Beginners.epub	Python Data Science_ The Ultimate Handbook for Beginners
,./languagesNcodes/Armenian, Beginner.pdf	,Armenian, Beginner
,./languagesNcodes/Tagalog, Living Language (de Valerio).pdf	,Tagalog, Living Language (de Valerio)
,./languagesNcodes/Kinyarwanda Book, Trainee.pdf	,Kinyarwanda Book, Trainee
./languagesNcodes/Al-Kitaab fii Taallum al-Arabiyya Part 1.pdf	Al-Kitaab fii Taallum al-Arabiyya Part 1
./languagesNcodes/Gramática de uso del español_ Teoría y práctica_ Con solucionario. C1-C2 .pdf	Gramática de uso del español_ Teoría y práctica_ Con solucionario. C1-C2
./languagesNcodes/Tlingit_dictionary_web.pdf	Tlingit_dictionary_web
./languagesNcodes/living-our-language-ojibwe-tales-and-oral-histories-native-voices.pdf	living-our-language-ojibwe-tales-and-oral-histories-native-voices
./languagesNcodes/Fiji-Hindi.pdf	Fiji-Hindi
./languagesNcodes/PBE8-wip.pdf	PBE8-wip
./languagesNcodes/Dictionary of Symbols by J. C. Cirlot (z-lib.org).pdf	Dictionary of Symbols by J. C. Cirlot (z-lib.org)
,./languagesNcodes/Sweigart, Al - Automate the boring stuff with python _ practical programming for total beginners (2015, No Starch Press) - libgen.lc.pdf	,Sweigart, Al - Automate the boring stuff with python _ practical programming for total beginners (2015, No Starch Press) - libgen.lc
./languagesNcodes/Italian-Routledge.pdf	Italian-Routledge
./languagesNcodes/Sanskrit Text.pdf	Sanskrit Text
./languagesNcodes/Mohawk A Teaching Grammar (Deering _ Delisle).pdf	Mohawk A Teaching Grammar (Deering _ Delisle)
./languagesNcodes/Ewha Korean 1-1 Workbook .pdf	Ewha Korean 1-1 Workbook
./languagesNcodes/German_Wikibook.pdf	German_Wikibook
./languagesNcodes/Finnish-TY.pdf	Finnish-TY
./languagesNcodes/Teach Yourself_ Indonesian .pdf	Teach Yourself_ Indonesian
./languagesNcodes/A Brief Introduction to the Standard Annotation Language.pdf	A Brief Introduction to the Standard Annotation Language
./languagesNcodes/Ktunaxa-+Body+Parts.pdf	Ktunaxa-+Body+Parts
./languagesNcodes/lambdin-introduction-to-sahidic-coptic.pdf	lambdin-introduction-to-sahidic-coptic
./languagesNcodes/diccionario_yaquis_imip_2017.pdf	diccionario_yaquis_imip_2017
./languagesNcodes/Herero_ Grammatik des Otjiherero (Viehe) (1897).pdf	Herero_ Grammatik des Otjiherero (Viehe) (1897)
./languagesNcodes/Coptic-in-20-Lessons_Bentley-Layton.pdf	Coptic-in-20-Lessons_Bentley-Layton
./languagesNcodes/Urdu-TY.pdf	Urdu-TY
./languagesNcodes/Dyirbal Language of North Queensland (Dixon).pdf	Dyirbal Language of North Queensland (Dixon)
./languagesNcodes/Abstract Rendering - Out-of-core Rendering for Information Visualization.pdf	Abstract Rendering - Out-of-core Rendering for Information Visualization
./languagesNcodes/Writing a Simple Operating System from Scratch.pdf	Writing a Simple Operating System from Scratch
./languagesNcodes/Computer science Logo style (Volume 3) by Brian Harvey (z-lib.org).pdf	Computer science Logo style (Volume 3) by Brian Harvey (z-lib.org)
./languagesNcodes/The Grammar of Words_ An Introduction to Linguistic Morphology (Oxford Textbooks in Linguistics) .pdf	The Grammar of Words_ An Introduction to Linguistic Morphology (Oxford Textbooks in Linguistics)
./languagesNcodes/Advanced Data Structures.pdf	Advanced Data Structures
./languagesNcodes/Icelandic-Hippocrene.pdf	Icelandic-Hippocrene
./languagesNcodes/Cantonese-TY.pdf	Cantonese-TY
./languagesNcodes/Irish-TY.pdf	Irish-TY
./languagesNcodes/Hebrew-TY.pdf	Hebrew-TY
,./languagesNcodes/Kurdish, Learn (Rizgar).pdf	,Kurdish, Learn (Rizgar)
./languagesNcodes/Hausa-TY.pdf	Hausa-TY
./languagesNcodes/The Little Schemer.djvu	The Little Schemer
,./languagesNcodes/Swahili, Learners_ Reference Grammar (Thompson _ Schleicher).pdf	,Swahili, Learners_ Reference Grammar (Thompson _ Schleicher)
./languagesNcodes/Bioinformatics - Python _ Animal Guide.djvu	Bioinformatics - Python _ Animal Guide
,./languagesNcodes/Webbots, Spiders, and Screen Scrapers.epub	,Webbots, Spiders, and Screen Scrapers
./languagesNcodes/Anishinaabemowin.pdf	Anishinaabemowin
./languagesNcodes/TsimshianDictionaryOnline_sml.pdf	TsimshianDictionaryOnline_sml
./languagesNcodes/Catalan-Routledge.pdf	Catalan-Routledge
./languagesNcodes/A History of the English Language .pdf	A History of the English Language
./languagesNcodes/Lojban .pdf	Lojban
,./languagesNcodes/xv6 - a simple, Unix-like teaching operating system.pdf	,xv6 - a simple, Unix-like teaching operating system
./languagesNcodes/Croatian-Routledge.pdf	Croatian-Routledge
./languagesNcodes/A Family of Perfect Hashing Methods.pdf	A Family of Perfect Hashing Methods
./languagesNcodes/Xhosa-TY.pdf	Xhosa-TY
./languagesNcodes/Arabic-Handwriting.pdf	Arabic-Handwriting
./languagesNcodes/Slovak-Routledge.pdf	Slovak-Routledge
./languagesNcodes/Maori-TY.pdf	Maori-TY
,./languagesNcodes/Gray, Iain - Snake charming -- the musical Python-Springer (2017).pdf	,Gray, Iain - Snake charming -- the musical Python-Springer (2017)
./languagesNcodes/Navajo.pdf	Navajo
./languagesNcodes/Lingala Basic Course (Bongo).pdf	Lingala Basic Course (Bongo)
./languagesNcodes/Nuu-chah-nulth_ Kyuquot Grammar (Rose).pdf	Nuu-chah-nulth_ Kyuquot Grammar (Rose)
./languagesNcodes/large/Slovene-TY.pdf	Slovene-TY
./languagesNcodes/large/Korean-Integrated.pdf	Korean-Integrated
./languagesNcodes/large/Kauderwelsch Guarani für Paraguay Wort für Wort ( PDFDrive ).pdf	Kauderwelsch Guarani für Paraguay Wort für Wort ( PDFDrive )
./languagesNcodes/large/Uzbek_ An Elementary Textbook (with ISO)   ( PDFDrive ).pdf	Uzbek_ An Elementary Textbook (with ISO)   ( PDFDrive )
./languagesNcodes/large/Tajik-English_English-Tajik Dictionary _ Phrasebook ( PDFDrive ).pdf	Tajik-English_English-Tajik Dictionary _ Phrasebook ( PDFDrive )
./languagesNcodes/large/Gujarati-Routledge.pdf	Gujarati-Routledge
./languagesNcodes/large/Yiddish-College.pdf	Yiddish-College
./languagesNcodes/large/German-TY.pdf	German-TY
./languagesNcodes/large/Greek-TY.pdf	Greek-TY
./languagesNcodes/large/Bengali-Routledge.pdf	Bengali-Routledge
./languagesNcodes/large/Papua New Guinea Tok Pisin English Dictionary ( PDFDrive ).pdf	Papua New Guinea Tok Pisin English Dictionary ( PDFDrive )
./languagesNcodes/large/Serbian-Routledge.pdf	Serbian-Routledge
./languagesNcodes/large/Urdu - Beginning Urdu.pdf	Urdu - Beginning Urdu
./languagesNcodes/large/Arabic Alif Baa.pdf	Arabic Alif Baa
./languagesNcodes/large/English-Xhosa Dictionary ( PDFDrive ).pdf	English-Xhosa Dictionary ( PDFDrive )
./languagesNcodes/large/Russian-Routledge.pdf	Russian-Routledge
,./languagesNcodes/large/Korean Grammar in Use _ Intermediate - Min Jin-young (Author) , Ahn Jean-myung (A.pdf	,Korean Grammar in Use _ Intermediate - Min Jin-young (Author) , Ahn Jean-myung (A
./languagesNcodes/large/Tibetan-Routledge.pdf	Tibetan-Routledge
./languagesNcodes/large/Afrikaans-Routledge.pdf	Afrikaans-Routledge
./languagesNcodes/large/Colloquial Kazakh_ the complete course for beginners ( PDFDrive ).pdf	Colloquial Kazakh_ the complete course for beginners ( PDFDrive )
./languagesNcodes/large/Mandarin-TY.pdf	Mandarin-TY
./languagesNcodes/Algorithms and theory of computation handbook.djvu	Algorithms and theory of computation handbook
./languagesNcodes/Manual_Aula_de_Galego_4_resumo_gramatical.pdf	Manual_Aula_de_Galego_4_resumo_gramatical
,./languagesNcodes/Cherokee, A Reference Grammar of Oklahoma (Montgomery-Anderson).pdf	,Cherokee, A Reference Grammar of Oklahoma (Montgomery-Anderson)
./languagesNcodes/Babylonian-TY.pdf	Babylonian-TY
./languagesNcodes/Linguistics _ a complete introduction .pdf	Linguistics _ a complete introduction
./languagesNcodes/We Are Learning Cherokee (Final).pdf	We Are Learning Cherokee (Final)
./languagesNcodes/Gujarati-TY.pdf	Gujarati-TY
./languagesNcodes/Mandarin-Routledge.pdf	Mandarin-Routledge
./languagesNcodes/PHP Notes For Professionals.pdf	PHP Notes For Professionals
./languagesNcodes/Noongar-Dictionary-Second-Edition.pdf	Noongar-Dictionary-Second-Edition
./languagesNcodes/Yorùbá Yé Mi_ A Beginning Yorùbá Textbook (1_2) .pdf	Yorùbá Yé Mi_ A Beginning Yorùbá Textbook (1_2)
./languagesNcodes/Icelandic.pdf	Icelandic
./languagesNcodes/ASL-demystified.pdf	ASL-demystified
./languagesNcodes/funarabic.pdf	funarabic
,./languagesNcodes/A Fast, Minimal Memory, Consistent Hash Algorithm.pdf	,A Fast, Minimal Memory, Consistent Hash Algorithm
./languagesNcodes/The Pocket Handbook of Image Processing Algorithms In C.pdf	The Pocket Handbook of Image Processing Algorithms In C
./languagesNcodes/Gagana Samoa_ A Samoan Language Coursebook .pdf	Gagana Samoa_ A Samoan Language Coursebook
./languagesNcodes/Cebuano for Beginners .pdf	Cebuano for Beginners
./languagesNcodes/Tamil-Routledge.pdf	Tamil-Routledge
./languagesNcodes/Bengali-TY-Hudson.pdf	Bengali-TY-Hudson
./languagesNcodes/Forensic-Linguistics.pdf	Forensic-Linguistics
,./languagesNcodes/Sindarin Course, Pedin Edhellen (Renk).pdf	,Sindarin Course, Pedin Edhellen (Renk)
./languagesNcodes/Ktunaxa+Household+Phrases.pdf	Ktunaxa+Household+Phrases
,./languagesNcodes/Korean Grammar in Use Beginning to Early I - Ahn Jean-Myung, Lee Kyung-ah, Han Hoo-youn.pdf	,Korean Grammar in Use Beginning to Early I - Ahn Jean-Myung, Lee Kyung-ah, Han Hoo-youn
./languagesNcodes/ASL-Polite.pdf	ASL-Polite
./languagesNcodes/Your First 100 Words in Pashto.pdf	Your First 100 Words in Pashto
./languagesNcodes/Scottish-Routledge.pdf	Scottish-Routledge
./languagesNcodes/think-python.pdf	think-python
,./languagesNcodes/Tagalog, Basic (Aspillera).pdf	,Tagalog, Basic (Aspillera)
./languagesNcodes/Ktunaxa-+Calendar.pdf	Ktunaxa-+Calendar
,./languagesNcodes/Fiji Hindi - English, English - Fiji Hindi Dictionary .pdf	,Fiji Hindi - English, English - Fiji Hindi Dictionary
./languagesNcodes/Writing Network Drivers in Go.pdf	Writing Network Drivers in Go
,./languagesNcodes/Warlpiri Morphology and Syntax, Aspects of (Simpson).pdf	,Warlpiri Morphology and Syntax, Aspects of (Simpson)
./languagesNcodes/Romanian-TY.pdf	Romanian-TY
./languagesNcodes/The MMIX Supplement Supplement to The Art of Computer Programming by Martin Ruckert (z-lib.org).epub	The MMIX Supplement Supplement to The Art of Computer Programming by Martin Ruckert (z-lib.org)
./languagesNcodes/Yoruba-TY.pdf	Yoruba-TY
,./languagesNcodes/[Pocket Reference (O'Reilly)] Tony Stubblebine - Regular Expression Pocket Reference_ Regular Expressions for Perl, Ruby, PHP, Python, C, Java and .NET (2007, O'Reilly Media) - libgen.lc.epub	,[Pocket Reference (O'Reilly)] Tony Stubblebine - Regular Expression Pocket Reference_ Regular Expressions for Perl, Ruby, PHP, Python, C, Java and .NET (2007, O'Reilly Media) - libgen.lc
./languagesNcodes/Welsh-TY.pdf	Welsh-TY
./languagesNcodes/Quenya Course (Fauskanger).pdf	Quenya Course (Fauskanger)
./languagesNcodes/Beginner_s Danish - Nete Schmidt.pdf	Beginner_s Danish - Nete Schmidt
./languagesNcodes/AlaskanHaidaPhrasebook_web.pdf	AlaskanHaidaPhrasebook_web
./languagesNcodes/Thai-Routledge.pdf	Thai-Routledge
./languagesNcodes/Arabic-Script.pdf	Arabic-Script
,./languagesNcodes/Creek, Intermediate (Innes, Alexander, _ Tilkens).pdf	,Creek, Intermediate (Innes, Alexander, _ Tilkens)
./languagesNcodes/Mongolian-Routledge.pdf	Mongolian-Routledge
./languagesNcodes/Ktunaxa-+Family+Members.pdf	Ktunaxa-+Family+Members
./languagesNcodes/Corpus Linguistics.pdf	Corpus Linguistics
./languagesNcodes/Computational Thinking: A Primer for Programmers and Data Scientists.pdf	Computational Thinking: A Primer for Programmers and Data Scientists
./languagesNcodes/Vietnamese-Routledge.pdf	Vietnamese-Routledge
./languagesNcodes/Computer science Logo style (Volume 2) by Harvey B. (z-lib.org).pdf	Computer science Logo style (Volume 2) by Harvey B. (z-lib.org)
,./languagesNcodes/Kikuyu, First Lessons in (Leakey).pdf	,Kikuyu, First Lessons in (Leakey)
,./languagesNcodes/Tom Christiansen, Nathan Torkington - Perl cookbook (1998, O'Reilly) - libgen.lc.pdf	,Tom Christiansen, Nathan Torkington - Perl cookbook (1998, O'Reilly) - libgen.lc
./languagesNcodes/Authority.pdf	Authority
./languagesNcodes/Discovering Albanian I Textbook .pdf	Discovering Albanian I Textbook
,./languagesNcodes/Creek, Beginning (Innes, Alexander, _ Tilkens).pdf	,Creek, Beginning (Innes, Alexander, _ Tilkens)
./languagesNcodes/libro curso de lengua tamazight nivel elemental .pdf	libro curso de lengua tamazight nivel elemental
./languagesNcodes/Aboriginal.pdf	Aboriginal
,./languagesNcodes/Kutenai Language, A Description of the (Morgan).pdf	,Kutenai Language, A Description of the (Morgan)
./languagesNcodes/Hawaiian.pdf	Hawaiian
./languagesNcodes/Amharic-Routledge.pdf	Amharic-Routledge
./languagesNcodes/Greek-Script.pdf	Greek-Script
./languagesNcodes/Vocabulario Huichol - castellano Castellano-huichol .pdf	Vocabulario Huichol - castellano Castellano-huichol
./languagesNcodes/Morphology.pdf	Morphology
./languagesNcodes/Danish-Routledge.pdf	Danish-Routledge
./languagesNcodes/Al-Kitaab fii Ta allum al- Arabiyya Part 2.pdf	Al-Kitaab fii Ta allum al- Arabiyya Part 2
./languagesNcodes/Hiligaynon Reference Grammar (Wolfenden).pdf	Hiligaynon Reference Grammar (Wolfenden)
./languagesNcodes/Arabiyyat Al-Naas Part Two.pdf	Arabiyyat Al-Naas Part Two
,./languagesNcodes/Latin, Wheelock_s (Wheelock) [with Reader].pdf	,Latin, Wheelock_s (Wheelock) [with Reader]
./languagesNcodes/A Nahuatl-English Dictionary.pdf	A Nahuatl-English Dictionary
./languagesNcodes/Manual_Aula_de_Galego_2_resumo_gramatical.pdf	Manual_Aula_de_Galego_2_resumo_gramatical
,./languagesNcodes/Fijian, Lessons in (Schütz _ Komaitai).pdf	,Fijian, Lessons in (Schütz _ Komaitai)
./languagesNcodes/Portuguese-Grammar.pdf	Portuguese-Grammar
./languagesNcodes/Cantonese-Routledge.pdf	Cantonese-Routledge
./languagesNcodes/PHP The right Way.pdf	PHP The right Way
./languagesNcodes/Swahili-TY.pdf	Swahili-TY
,./languagesNcodes/Tony Hunt - Tony Hunt's Structures Notebook, Second Edition (2003, Architectural Press) - libgen.lc.pdf	,Tony Hunt - Tony Hunt's Structures Notebook, Second Edition (2003, Architectural Press) - libgen.lc
./languagesNcodes/basilusHerbarium.pdf	basilusHerbarium
./languagesNcodes/Basic Cantonese_ A Grammar and Workbook - Readers StuffZ .pdf	Basic Cantonese_ A Grammar and Workbook - Readers StuffZ
./languagesNcodes/Hindi Fluency 1.pdf	Hindi Fluency 1
./languagesNcodes/Arrernte.pdf	Arrernte
./languagesNcodes/Ktunaxa+Animals-+Mammals.pdf	Ktunaxa+Animals-+Mammals
./languagesNcodes/Vietnamese - Easy Vietnamese.pdf	Vietnamese - Easy Vietnamese
./languagesNcodes/Huichol Vocabulario.pdf	Huichol Vocabulario
,./languagesNcodes/E. A. Wallis Budge - First Steps in Egyptian Hieroglyphics_ A Book for Beginners (1895,2004, Dover Publications) - libgen.lc.epub	,E. A. Wallis Budge - First Steps in Egyptian Hieroglyphics_ A Book for Beginners (1895,2004, Dover Publications) - libgen.lc
./languagesNcodes/Irish-Routledge.pdf	Irish-Routledge
./languagesNcodes/GENKI I_ An Integrated Course in Elementary Japanese .pdf	GENKI I_ An Integrated Course in Elementary Japanese
,./languagesNcodes/Hopi, Lessons in (Kalectaca _ Langacker).pdf	,Hopi, Lessons in (Kalectaca _ Langacker)
./languagesNcodes/Manual_Aula_de_Galego_3_libro_completo.pdf	Manual_Aula_de_Galego_3_libro_completo
./languagesNcodes/Ojibwe Vocabulary Project.pdf	Ojibwe Vocabulary Project
./languagesNcodes/Hebrew-Routledge.pdf	Hebrew-Routledge
./languagesNcodes/Hands-On RESTful API Design Patterns and Best Practices.epub	Hands-On RESTful API Design Patterns and Best Practices
./languagesNcodes/Ktunaxa-+Plants.pdf	Ktunaxa-+Plants
./languagesNcodes/Concise English-Tigrinya dictionary .pdf	Concise English-Tigrinya dictionary
./languagesNcodes/tyc-eng-v2.pdf	tyc-eng-v2
./languagesNcodes/Turkish-Routledge.pdf	Turkish-Routledge
./languagesNcodes/A Dzongkha Dictionary for Beginners .pdf	A Dzongkha Dictionary for Beginners
./languagesNcodes/Conlangers-Thesaurus.pdf	Conlangers-Thesaurus
./languagesNcodes/Python One-Liners.epub	Python One-Liners
./languagesNcodes/A First Encounter with Machine Learning.pdf	A First Encounter with Machine Learning
,./languagesNcodes/Esperanto, Teach Yourself (Cresswell _ Hartley).pdf	,Esperanto, Teach Yourself (Cresswell _ Hartley)
./languagesNcodes/OpenGL Shading.epub	OpenGL Shading
./languagesNcodes/TheAlgorithmDesignManual.pdf	TheAlgorithmDesignManual
./languagesNcodes/Ktunaxa-+Numbers.pdf	Ktunaxa-+Numbers
./languagesNcodes/Dutch-Routledge.pdf	Dutch-Routledge
./languagesNcodes/Punjabi-Routledge.pdf	Punjabi-Routledge
./languagesNcodes/Elements of Luganda grammar_ together with exercises and vocabulary .pdf	Elements of Luganda grammar_ together with exercises and vocabulary
./languagesNcodes/IntroductiontoComputation and Programming Using Python.pdf	IntroductiontoComputation and Programming Using Python
./languagesNcodes/Norwegian-TY.pdf	Norwegian-TY
./languagesNcodes/Turkish-TY.pdf	Turkish-TY
./languagesNcodes/epdf.pub_haitian-creole-phrasebook-essential-expressions-fo.pdf	epdf.pub_haitian-creole-phrasebook-essential-expressions-fo
./languagesNcodes/Yiddish-Routledge.pdf	Yiddish-Routledge
./languagesNcodes/HTML & CSS The Good Parts (Animal Guide).pdf	HTML & CSS The Good Parts (Animal Guide)
./languagesNcodes/Ktunaxa-+Pronunciation+Quick+Guide.pdf	Ktunaxa-+Pronunciation+Quick+Guide
./languagesNcodes/Inga E Calvin - Maya Hieroglyphics Study Guide (2004) - libgen.lc.pdf	Inga E Calvin - Maya Hieroglyphics Study Guide (2004) - libgen.lc
./languagesNcodes/Coast Tsimshian Language).pdf	Coast Tsimshian Language)
./languagesNcodes/Vietnamese-TY.pdf	Vietnamese-TY
./languagesNcodes/Nhanda - An Aboriginal Language of Western Australia (Blevins).pdf	Nhanda - An Aboriginal Language of Western Australia (Blevins)
./languagesNcodes/Ruby one-liners cookbook.epub	Ruby one-liners cookbook
./languagesNcodes/Createing Dynmaic Webpages.epub	Createing Dynmaic Webpages
,./languagesNcodes/Yaqui Language, A Preliminary Sketch of the (Mason) (1923).pdf	,Yaqui Language, A Preliminary Sketch of the (Mason) (1923)
./languagesNcodes/Mikasuki Grammar in Outline (Boynton).pdf	Mikasuki Grammar in Outline (Boynton)
./languagesNcodes/Turkish in Three Months (Hugo_s Simplified System) .pdf	Turkish in Three Months (Hugo_s Simplified System)
./languagesNcodes/Romanian-Grammar.pdf	Romanian-Grammar
./languagesNcodes/Georgian-Hippocrene.pdf	Georgian-Hippocrene
./languagesNcodes/Klingon Dictionary (Okrand).pdf	Klingon Dictionary (Okrand)
./languagesNcodes/Korean-Hippocrene.pdf	Korean-Hippocrene
./languagesNcodes/Gramática de uso del Español Teoría y práctica. Con solucionario. B1-B2 .pdf	Gramática de uso del Español Teoría y práctica. Con solucionario. B1-B2
,./languagesNcodes/Phoenician Language, A Grammar of the (Harris).pdf	,Phoenician Language, A Grammar of the (Harris)
./languagesNcodes/Iontenwennaweienstahkhwa_. Mohawk Spelling Dictionary .pdf	Iontenwennaweienstahkhwa_. Mohawk Spelling Dictionary
./languagesNcodes/Lushootseed Dictionary .pdf	Lushootseed Dictionary
./languagesNcodes/Punjabi-TY.pdf	Punjabi-TY
./languagesNcodes/Faulkner_ConciseDictionary-smaller copy.pdf	Faulkner_ConciseDictionary-smaller copy
,./languagesNcodes/Learning PHP, MySQL, and JavaScript by Robin Nixon (z-lib.org).pdf	,Learning PHP, MySQL, and JavaScript by Robin Nixon (z-lib.org)
,./languagesNcodes/Learning Perl 6 Keeping the Easy, Hard, and Impossible within Reach.pdf	,Learning Perl 6 Keeping the Easy, Hard, and Impossible within Reach
,./languagesNcodes/A Brief Tutorial on Database Queries, Data Mining, and OLAP.pdf	,A Brief Tutorial on Database Queries, Data Mining, and OLAP
./languagesNcodes/Haida Handbook Level 1 - Grammar Guide (Lachler).pdf	Haida Handbook Level 1 - Grammar Guide (Lachler)
./languagesNcodes/Hindi-Routledge.pdf	Hindi-Routledge
./languagesNcodes/Italian in tree months .pdf	Italian in tree months
./languagesNcodes/Arabiyyat Al-Naas Part One.pdf	Arabiyyat Al-Naas Part One
./languagesNcodes/v1ch16.pdf	v1ch16
./languagesNcodes/Swahili - a foundation for speaking reading and writing (Hinnebusch _ Mirza).pdf	Swahili - a foundation for speaking reading and writing (Hinnebusch _ Mirza)
./languagesNcodes/Greek-Routledge.pdf	Greek-Routledge
./languagesNcodes/Bangla Academy English-Bengali Dictionary .pdf	Bangla Academy English-Bengali Dictionary
./languagesNcodes/Cebuano. A Functional Reference Grammar of Cebuano .pdf	Cebuano. A Functional Reference Grammar of Cebuano
./languagesNcodes/Ewha Korean 1-1 .pdf	Ewha Korean 1-1
./languagesNcodes/Lushootseed reader with introductory grammar .pdf	Lushootseed reader with introductory grammar
./languagesNcodes/Icelandic-TY.pdf	Icelandic-TY
./languagesNcodes/Gwich_in_ A Grammar of the Tukudh Language (McDonald) (1911).pdf	Gwich_in_ A Grammar of the Tukudh Language (McDonald) (1911)
./languagesNcodes/Ktunaxa+Animals-+Reptiles+and+Amphibians.pdf	Ktunaxa+Animals-+Reptiles+and+Amphibians
./languagesNcodes/Estonian-Routledge.pdf	Estonian-Routledge
./languagesNcodes/Seneca Morphology and Dictionary (Chafe).pdf	Seneca Morphology and Dictionary (Chafe)
./languagesNcodes/Yonsei Korean 1-1 - Yonsei Korean Institute.pdf	Yonsei Korean 1-1 - Yonsei Korean Institute
./languagesNcodes/Luganda-English Dictionary .pdf	Luganda-English Dictionary
./languagesNcodes/otjiherero_page9.pdf	otjiherero_page9
./languagesNcodes/PHP 5 Recipes.pdf	PHP 5 Recipes
./languagesNcodes/Hungarian-TY.pdf	Hungarian-TY
./languagesNcodes/French-TY.pdf	French-TY
./languagesNcodes/Czech-Routledge.pdf	Czech-Routledge
./languagesNcodes/Tlingit.pdf	Tlingit
./languagesNcodes/Hungarian-Routledge.pdf	Hungarian-Routledge
./languagesNcodes/Danish-TY.pdf	Danish-TY
./languagesNcodes/Sumerian.pdf	Sumerian
./languagesNcodes/Palauan Reference Grammar (PALI language texts) .pdf	Palauan Reference Grammar (PALI language texts)
./languagesNcodes/Slovenian-Routledge.pdf	Slovenian-Routledge
./languagesNcodes/Hebrew - Routledge Modern Hebrew.pdf	Hebrew - Routledge Modern Hebrew
./languagesNcodes/Bashkir Manual (Poppe).pdf	Bashkir Manual (Poppe)
./languagesNcodes/The Study of Language.pdf	The Study of Language
./languagesNcodes/Everyone Here Spoke Sign Language_ Hereditary Deafness on Martha_s Vineyard .pdf	Everyone Here Spoke Sign Language_ Hereditary Deafness on Martha_s Vineyard
./languagesNcodes/MSWLOGO/v1ch01.pdf	v1ch01
./languagesNcodes/MSWLOGO/v1ch07.pdf	v1ch07
./languagesNcodes/MSWLOGO/v1ch02.pdf	v1ch02
./languagesNcodes/MSWLOGO/v1ch15.pdf	v1ch15
./languagesNcodes/MSWLOGO/v1ch10.pdf	v1ch10
./languagesNcodes/MSWLOGO/v1ch08.pdf	v1ch08
./languagesNcodes/MSWLOGO/v1ch06.pdf	v1ch06
./languagesNcodes/MSWLOGO/v1ch13.pdf	v1ch13
./languagesNcodes/MSWLOGO/v1ch05.pdf	v1ch05
./languagesNcodes/MSWLOGO/v1ch09.pdf	v1ch09
./languagesNcodes/MSWLOGO/v1ch14.pdf	v1ch14
./languagesNcodes/MSWLOGO/v1ch04.pdf	v1ch04
./languagesNcodes/MSWLOGO/v1ch03.pdf	v1ch03
./languagesNcodes/MSWLOGO/v1ch11.pdf	v1ch11
./languagesNcodes/MSWLOGO/v1ch12.pdf	v1ch12
./languagesNcodes/Twi - Basic Course (FSI).pdf	Twi - Basic Course (FSI)
./languagesNcodes/Malay-Routledge.pdf	Malay-Routledge
,./languagesNcodes/Potawatomi, Conversational (Neely).pdf	,Potawatomi, Conversational (Neely)
./languagesNcodes/Gullah culture in America .pdf	Gullah culture in America
./languagesNcodes/Scottish-three-months.pdf	Scottish-three-months
./languagesNcodes/TheGirlWithoutASound_Book_isiZulu - draft02.pdf	TheGirlWithoutASound_Book_isiZulu - draft02
,./languagesNcodes/Assamese, An Intensive Course in (Dutta).pdf	,Assamese, An Intensive Course in (Dutta)
./languagesNcodes/L199c_FrasesHuicholEspanol_Leer_hch.pdf	L199c_FrasesHuicholEspanol_Leer_hch
./languagesNcodes/Learn to Read Latin Workbook .pdf	Learn to Read Latin Workbook
./languagesNcodes/Learn to Read Latin Textbook .pdf	Learn to Read Latin Textbook
./languagesNcodes/Japanese-Genki.pdf	Japanese-Genki
./languagesNcodes/Manual_Aula_de_Galego_2_libro_completo.pdf	Manual_Aula_de_Galego_2_libro_completo
./languagesNcodes/Thinking Spanish Translation_ A Course in Translation Method_ Spanish to English (Thinking Translation) .pdf	Thinking Spanish Translation_ A Course in Translation Method_ Spanish to English (Thinking Translation)
./languagesNcodes/Macedonian.pdf	Macedonian
./languagesNcodes/Hablemos el Guaraní. Primer Nivel. .pdf	Hablemos el Guaraní. Primer Nivel.
./languagesNcodes/James Hoch Middle Egyptian Grammar SSEA Publication  1997 (1).pdf	James Hoch Middle Egyptian Grammar SSEA Publication  1997 (1)
./languagesNcodes/Seneca-Grammar-Book.pdf	Seneca-Grammar-Book
./languagesNcodes/Navajo-Dictionary.pdf	Navajo-Dictionary
./languagesNcodes/Almost Random Graphs with Simple Hash Functions.pdf	Almost Random Graphs with Simple Hash Functions
./languagesNcodes/Lithuanian-Routledge.pdf	Lithuanian-Routledge
./languagesNcodes/Linux Command Line_ FAST and EASY!.epub	Linux Command Line_ FAST and EASY!
./languagesNcodes/Ukrainian-TY.pdf	Ukrainian-TY
./languagesNcodes/Igbo.pdf	Igbo
./languagesNcodes/Java In A Nutshell A desktop quick reference by David Flanagan (z-lib.org).pdf	Java In A Nutshell A desktop quick reference by David Flanagan (z-lib.org)
./languagesNcodes/German-Routledge.pdf	German-Routledge
./languagesNcodes/Introduction.to.Computation.and.Programming.Using.Python.pdf	Introduction.to.Computation.and.Programming.Using.Python
./languagesNcodes/Learn Python by building data science applications.epub	Learn Python by building data science applications
./languagesNcodes/Urdu-Script.pdf	Urdu-Script
./languagesNcodes/Wicked Cool Perl Scripts Useful Perl Scripts That Solve Difficult Problems.pdf	Wicked Cool Perl Scripts Useful Perl Scripts That Solve Difficult Problems
,./languagesNcodes/Doing Math with Python Use Programming to Explore Algebra, Statistics, Calculus, and More by Amit Saha (z-lib.org).pdf	,Doing Math with Python Use Programming to Explore Algebra, Statistics, Calculus, and More by Amit Saha (z-lib.org)
./languagesNcodes/Basque-Routledge.pdf	Basque-Routledge
./languagesNcodes/Greek-Ancient.pdf	Greek-Ancient
./languagesNcodes/Bulgarian-Routledge.pdf	Bulgarian-Routledge
./literature/Storm for the Living and the Dead.epub	Storm for the Living and the Dead
./literature/A series of Unfortunate Events - 6.epub	A series of Unfortunate Events - 6
./literature/03 - Last Straw - [The Diary of a Wimpy Kid].epub	03 - Last Straw - [The Diary of a Wimpy Kid]
./literature/The Complete poems of Emily Dickenson.pdf	The Complete poems of Emily Dickenson
./literature/A series of Unfortunate Events - 11.epub	A series of Unfortunate Events - 11
./literature/The Complete Works of Edgar Allan Poe (Volume 17); Letters.pdf	The Complete Works of Edgar Allan Poe (Volume 17); Letters
./literature/Micromegas - Voltaire.pdf	Micromegas - Voltaire
,./literature/Mogens and Other Stories - Jens Peter, Jacobsen.pdf	,Mogens and Other Stories - Jens Peter, Jacobsen
./literature/11 - Double Down - [The Diary of a Wimpy Kid].epub	11 - Double Down - [The Diary of a Wimpy Kid]
./literature/The Satanic Bible - Anton Szandor Lavey.pdf	The Satanic Bible - Anton Szandor Lavey
./literature/Beautiful Boy.pdf	Beautiful Boy
,./literature/Cities of the Red Night - Burroughs, William S.epub	,Cities of the Red Night - Burroughs, William S
./literature/A series of Unfortunate Events - 5.epub	A series of Unfortunate Events - 5
./literature/The haiku handbook.pdf	The haiku handbook
./literature/A series of Unfortunate Events - 4.epub	A series of Unfortunate Events - 4
./literature/Junky.epub	Junky
./literature/Purgatorio.pdf	Purgatorio
,./literature/Ajaya, Roll Of The Dice.pdf	,Ajaya, Roll Of The Dice
./literature/Fragments from Hellenistic Jewish Authors - Orphica Volume IV.pdf	Fragments from Hellenistic Jewish Authors - Orphica Volume IV
./literature/I Heard God Laughing Poems of Hope and Joy.pdf	I Heard God Laughing Poems of Hope and Joy
./literature/07 - The Third Wheel - [The Diary of a Wimpy Kid].epub	07 - The Third Wheel - [The Diary of a Wimpy Kid]
./literature/Notes of A Dirty Old Man by Bukowski Charles (z-lib.org).epub	Notes of A Dirty Old Man by Bukowski Charles (z-lib.org)
./literature/The Orphic Hymns.pdf	The Orphic Hymns
./literature/And the Hippos Were Boiled in their Tank.epub	And the Hippos Were Boiled in their Tank
,./literature/The Homeric Hymns, a verse translation - Sargent, Thelma.epub	,The Homeric Hymns, a verse translation - Sargent, Thelma
./literature/Valmiki 's Ramayana vol 2.pdf	Valmiki 's Ramayana vol 2
./literature/A Thousand Mornings - Mary Oliver.epub	A Thousand Mornings - Mary Oliver
./literature/On Earth We are Briefly Gorgeous - Vuong Ocean.epub	On Earth We are Briefly Gorgeous - Vuong Ocean
./literature/Hope in the Dark.epub	Hope in the Dark
./literature/Sita's Descent.pdf	Sita's Descent
./literature/A series of Unfortunate Events - 3.epub	A series of Unfortunate Events - 3
./literature/Diaries of Franz Kafka 1910-1913.pdf	Diaries of Franz Kafka 1910-1913
./literature/Unseen Rain.pdf	Unseen Rain
./literature/Complete Poems and Selected Letters of John Keats.pdf	Complete Poems and Selected Letters of John Keats
./literature/Geetobitan.pdf	Geetobitan
,./literature/A History of English Poetry, an Unpublished Continuation - Thomas Wharton.pdf	,A History of English Poetry, an Unpublished Continuation - Thomas Wharton
./literature/The Sandman Vol 1 Preludes and Nocturnes.pdf	The Sandman Vol 1 Preludes and Nocturnes
./literature/The Handmaid's Tale.pdf	The Handmaid's Tale
./literature/Dumpling Field - Haiku Of Issa.pdf	Dumpling Field - Haiku Of Issa
./literature/The Devil's Notebook - Anton Szandor LaVey.pdf	The Devil's Notebook - Anton Szandor LaVey
./literature/06 - Cabin Fever - [The Diary of a Wimpy Kid].epub	06 - Cabin Fever - [The Diary of a Wimpy Kid]
./literature/The People Look Like Flowers At Last - - Charles Bukowski.pdf	The People Look Like Flowers At Last - - Charles Bukowski
./literature/The selected prose of Fernando Pessoa.epub	The selected prose of Fernando Pessoa
./literature/Kamasutra.pdf	Kamasutra
./literature/The Epic of Gilgimesh.pdf	The Epic of Gilgimesh
./literature/Gitanjali.pdf	Gitanjali
./literature/Love's subtle Magic.pdf	Love's subtle Magic
./literature/Dictionary Stories.epub	Dictionary Stories
./literature/Mahabharata vol 09 - tr Bibek Debroy.epub	Mahabharata vol 09 - tr Bibek Debroy
./literature/Mahabharata vol 06 - tr Bibek Debroy.epub	Mahabharata vol 06 - tr Bibek Debroy
./literature/Mahabharata vol 05 - tr Bibek Debroy.epub	Mahabharata vol 05 - tr Bibek Debroy
./literature/Horace Odes.pdf	Horace Odes
./literature/Twenty Love Poems and a Song of Despair.pdf	Twenty Love Poems and a Song of Despair
./literature/Selected Poems of Pablo Neruda.pdf	Selected Poems of Pablo Neruda
./literature/Dante Alighieri - La divine comedie.pdf	Dante Alighieri - La divine comedie
./literature/13 - The Meltdown - [The Diary of a Wimpy Kid].epub	13 - The Meltdown - [The Diary of a Wimpy Kid]
./literature/A series of Unfortunate Events - 7.epub	A series of Unfortunate Events - 7
,./literature/Sifting through the madness for the word, the line, the way - Charles Bukowski.pdf	,Sifting through the madness for the word, the line, the way - Charles Bukowski
,./literature/Letters of Rainer Maria Rilke, 1892-1910.pdf	,Letters of Rainer Maria Rilke, 1892-1910
./literature/Love Is a Dog From Hell - Charles Bukowski.epub	Love Is a Dog From Hell - Charles Bukowski
./literature/On Love - Charles Bukowski.epub	On Love - Charles Bukowski
./literature/Naked Lunch.epub	Naked Lunch
./literature/Sultan Nathani.pdf	Sultan Nathani
./literature/Niels Lyhne.pdf	Niels Lyhne
./literature/01 - Greg Heffley’s Journal - [The Diary of a Wimpy Kid].epub	01 - Greg Heffley’s Journal - [The Diary of a Wimpy Kid]
./literature/Robindro Sanchayitar.pdf	Robindro Sanchayitar
,./literature/First thought, best thought.pdf	,First thought, best thought
./literature/The Essential Rumi - Coleman Barks.pdf	The Essential Rumi - Coleman Barks
./literature/Reality sandwiches - Allen Ginsberg.epub	Reality sandwiches - Allen Ginsberg
./literature/04 - Dog Days - [The Diary of a Wimpy Kid].epub	04 - Dog Days - [The Diary of a Wimpy Kid]
./literature/A series of Unfortunate Events - 8.epub	A series of Unfortunate Events - 8
,./literature/Mary Oliver - New and Selected Poems, Volume One.epub	,Mary Oliver - New and Selected Poems, Volume One
./literature/12 - The Getaway - [The Diary of a Wimpy Kid].epub	12 - The Getaway - [The Diary of a Wimpy Kid]
./literature/The Beat Generation - Jamie Russell.pdf	The Beat Generation - Jamie Russell
./literature/City of Joy.pdf	City of Joy
./literature/Raghuvanca.pdf	Raghuvanca
,./literature/Orpheus, The Myth of the Poet - Charles Segal.pdf	,Orpheus, The Myth of the Poet - Charles Segal
./literature/Red Bird Poems - Mary Oliver.epub	Red Bird Poems - Mary Oliver
./literature/Necromancer.pdf	Necromancer
,./literature/Burning in Water, Drowning in Flame - Charles Bukowski.pdf	,Burning in Water, Drowning in Flame - Charles Bukowski
./literature/Tortilla Flat.pdf	Tortilla Flat
./literature/a kind understanding face.pdf	a kind understanding face
./literature/Th Book of Disquiet - Fernando Pessoa.epub	Th Book of Disquiet - Fernando Pessoa
./literature/Surfacing.pdf	Surfacing
./literature/The Swan - Mary Oliver.epub	The Swan - Mary Oliver
./literature/Mahabharata vol 07 - tr Bibek Debroy.epub	Mahabharata vol 07 - tr Bibek Debroy
./literature/Mahabharata vol 01 - tr Bibek Debroy.epub	Mahabharata vol 01 - tr Bibek Debroy
./literature/Mahabharata Of Vyasa - tr Ganguly.pdf	Mahabharata Of Vyasa - tr Ganguly
./literature/Mahabharata vol 10 - tr Bibek Debroy.epub	Mahabharata vol 10 - tr Bibek Debroy
./literature/A Little Larger Than the Entire Universe.pdf	A Little Larger Than the Entire Universe
./literature/Nazrul Sanchayita.pdf	Nazrul Sanchayita
./literature/Ella Minnow Pea.epub	Ella Minnow Pea
./literature/Long Life - Mary Oliver.pdf	Long Life - Mary Oliver
./literature/A series of Unfortunate Events - 1.epub	A series of Unfortunate Events - 1
./literature/Krishna-Dwaipayana Vyasa Mahabharat - tr KM Ganguly.pdf	Krishna-Dwaipayana Vyasa Mahabharat - tr KM Ganguly
./literature/05 - The Ugly Truth - [The Diary of a Wimpy Kid].epub	05 - The Ugly Truth - [The Diary of a Wimpy Kid]
./literature/The Epic of Gilgamesh.pdf	The Epic of Gilgamesh
,./literature/Vallejo, Cesar - The Complete Poetry.epub	,Vallejo, Cesar - The Complete Poetry
,./literature/Poems by Faiz, tr Victor G. Kiernan.pdf	,Poems by Faiz, tr Victor G. Kiernan
./literature/The Mathematics of the Breath and the Way - Charles Bukowski.epub	The Mathematics of the Breath and the Way - Charles Bukowski
./literature/Owls and Other - Mary Oliver.epub	Owls and Other - Mary Oliver
./literature/09 - The Long Haul - [The Diary of a Wimpy Kid].pdf	09 - The Long Haul - [The Diary of a Wimpy Kid]
./literature/Sonnets to Orpheus.epub	Sonnets to Orpheus
./literature/Parva2.pdf	Parva2
,./literature/Queer - Burroughs, William S.epub	,Queer - Burroughs, William S
./literature/Bram Stoker - Dracula.pdf	Bram Stoker - Dracula
./literature/The divine Narcissus.pdf	The divine Narcissus
./literature/15 - The Deep End - [The Diary of a Wimpy Kid].epub	15 - The Deep End - [The Diary of a Wimpy Kid]
./literature/Miklós Radnóti.epub	Miklós Radnóti
./literature/The Essential Ginsberg.pdf	The Essential Ginsberg
./literature/Stephen Scobie - Earthquakes and Explorations.pdf	Stephen Scobie - Earthquakes and Explorations
./literature/Mahabharata vol 02 - tr Bibek Debroy.epub	Mahabharata vol 02 - tr Bibek Debroy
./literature/Wait Till I’m Dead.pdf	Wait Till I’m Dead
./literature/Complete Works of Edgar Allan Poe.pdf	Complete Works of Edgar Allan Poe
./literature/Four Vedas - English Translation.pdf	Four Vedas - English Translation
,./literature/Hölderlin, Friedrich_Adler, Jeremy D Louth, Charlie - Essays and Letters.pdf	,Hölderlin, Friedrich_Adler, Jeremy D Louth, Charlie - Essays and Letters
./literature/Typewriter Art - Riddell Alan.pdf	Typewriter Art - Riddell Alan
./literature/A series of Unfortunate Events - 2.epub	A series of Unfortunate Events - 2
./literature/Velveteen Rabbit.pdf	Velveteen Rabbit
./literature/14 - Wrecking Ball - [The Diary of a Wimpy Kid].epub	14 - Wrecking Ball - [The Diary of a Wimpy Kid]
./literature/Good omens the nice and accurate prophecies of Agness Nutter.epub	Good omens the nice and accurate prophecies of Agness Nutter
./literature/A Short History of Myth - Karen Armstrong.pdf	A Short History of Myth - Karen Armstrong
./literature/Inferno.pdf	Inferno
./literature/A series of Unfortunate Events - 12.epub	A series of Unfortunate Events - 12
,./literature/Sparrow - Morpurgo, Michael.epub	,Sparrow - Morpurgo, Michael
./literature/White Oleander.epub	White Oleander
./literature/The Complete Works of Rabindranath Tagore.pdf	The Complete Works of Rabindranath Tagore
,./literature/Haiku, Haikus - Jack Kerouac.pdf	,Haiku, Haikus - Jack Kerouac
./literature/I Know Why the Caged Bird Sings - Maya Angelou.pdf	I Know Why the Caged Bird Sings - Maya Angelou
./literature/Three Poems - John Ashbery.epub	Three Poems - John Ashbery
,./literature/Girl, Interrupted - Susanna Kaysen.epub	,Girl, Interrupted - Susanna Kaysen
./literature/Collected Poems of Khalil Gibran.pdf	Collected Poems of Khalil Gibran
./literature/A series of Unfortunate Events - 9.epub	A series of Unfortunate Events - 9
./literature/Crush - Richard Silken.epub	Crush - Richard Silken
./literature/08 - Hard Luck - [The Diary of a Wimpy Kid].epub	08 - Hard Luck - [The Diary of a Wimpy Kid]
./literature/Complete Poems of Robert Frost.pdf	Complete Poems of Robert Frost
,./literature/Concrete Poems - Yvonne Pearson,Kathleen Petelinsek.pdf	,Concrete Poems - Yvonne Pearson,Kathleen Petelinsek
./literature/Book of Blues.pdf	Book of Blues
,./literature/Mother, daughter, me.epub	,Mother, daughter, me
./literature/Three Hundred Ramayanas - AK Ramanujan.pdf	Three Hundred Ramayanas - AK Ramanujan
./literature/Tales of Ordinary Madness - Charles Bukowski.epub	Tales of Ordinary Madness - Charles Bukowski
./literature/10 - Old School - [The Diary of a Wimpy Kid].epub	10 - Old School - [The Diary of a Wimpy Kid]
,./literature/Immortality - Burroughs, William S.pdf	,Immortality - Burroughs, William S
./literature/War of the Foxes.epub	War of the Foxes
./literature/Sound Texts-Allen Ginsberg.pdf	Sound Texts-Allen Ginsberg
./literature/Extracting the stone of Madness.epub	Extracting the stone of Madness
,./literature/Letters - Burroughs, William S.epub	,Letters - Burroughs, William S
./literature/Pictures and Tears.pdf	Pictures and Tears
./literature/Parva3.pdf	Parva3
./literature/A series of Unfortunate Events - 10.epub	A series of Unfortunate Events - 10
./literature/Paul Eluard - Selected Poems [Bilingual].pdf	Paul Eluard - Selected Poems [Bilingual]
./literature/A Worldly Country.pdf	A Worldly Country
./literature/Collected Poems 1947-1997 - Allen Ginsberg.epub	Collected Poems 1947-1997 - Allen Ginsberg
./literature/Parva1.pdf	Parva1
./literature/Mahabharata vol 08 - tr Bibek Debroy.epub	Mahabharata vol 08 - tr Bibek Debroy
./literature/Anukul.pdf	Anukul
./literature/Mahabharata vol 03 - tr Bibek Debroy.epub	Mahabharata vol 03 - tr Bibek Debroy
./literature/Diaries of Franz Kafka -1914-1923.pdf	Diaries of Franz Kafka -1914-1923
./literature/Megh doot.pdf	Megh doot
./literature/02 - Rodrick Rules - [The Diary of a Wimpy Kid].epub	02 - Rodrick Rules - [The Diary of a Wimpy Kid]
./literature/Screams From the Balcony.epub	Screams From the Balcony
./literature/Valmiki 's Ramayana vol 3.pdf	Valmiki 's Ramayana vol 3
./literature/Devotions - Mary Oliver.epub	Devotions - Mary Oliver
./literature/The Homeric Hymns.pdf	The Homeric Hymns
./literature/Manimekalai - original.pdf	Manimekalai - original
./literature/Night and Day.epub	Night and Day
./literature/Sharp Objects - Gillian Flynn.epub	Sharp Objects - Gillian Flynn
./literature/The Adding Machine.epub	The Adding Machine
./literature/The Rat Fathom.pdf	The Rat Fathom
./literature/Tyrannosaurus lex.epub	Tyrannosaurus lex
./literature/Japanese Death Poems.pdf	Japanese Death Poems
./literature/The Mahabharata A Shortened Modern Prose.pdf	The Mahabharata A Shortened Modern Prose
./literature/The unknown Kerouac.epub	The unknown Kerouac
./literature/charles bukowski.collection/letters/letters.pdf	letters
./literature/Conference of the Birds - tr CS Nott.pdf	Conference of the Birds - tr CS Nott
./literature/The Left Hand of Darkness.pdf	The Left Hand of Darkness
./literature/The Mammot Encyclopedia of Science Fiction.pdf	The Mammot Encyclopedia of Science Fiction
./literature/The Answer.pdf	The Answer
./literature/The Sandman Vol 0.pdf	The Sandman Vol 0
./literature/Hazaron Khawaishen Aisi.epub	Hazaron Khawaishen Aisi
./literature/Pratham Pratishruti.pdf	Pratham Pratishruti
./literature/Works of Kalidasa - tr William Jones.pdf	Works of Kalidasa - tr William Jones
./literature/Manimekalai.pdf	Manimekalai
./literature/The Book Thief.pdf	The Book Thief
./literature/Complete Works of William Shakespeare.pdf	Complete Works of William Shakespeare
./literature/Collected Poems of Ezra Pound.pdf	Collected Poems of Ezra Pound
./literature/Haiku - An Anthology of Japanese Poems.epub	Haiku - An Anthology of Japanese Poems
./literature/Ghalib - Innovative Meanings and The Ingenious Mind - Gopi Chand Narang.pdf	Ghalib - Innovative Meanings and The Ingenious Mind - Gopi Chand Narang
./literature/Georgian Poetry 1911-12.pdf	Georgian Poetry 1911-12
./literature/Mountain.pdf	Mountain
./literature/A Thousand Yearnings.pdf	A Thousand Yearnings
./literature/Women of the Beat Generation - Brenda Knight.djvu	Women of the Beat Generation - Brenda Knight
./literature/Rama Retold.pdf	Rama Retold
./literature/The Qur'an - Oxford.pdf	The Qur'an - Oxford
./literature/Mahabharata vol 04 - tr Bibek Debroy.epub	Mahabharata vol 04 - tr Bibek Debroy
./literature/Map Collected and Last Poems - Szymborska Wislawa.epub	Map Collected and Last Poems - Szymborska Wislawa
./literature/A series of Unfortunate Events - 13.epub	A series of Unfortunate Events - 13
./literature/The divine comedy of Dante Alighieri - poetic translation in iambic pentameter and terza rima.epub	The divine comedy of Dante Alighieri - poetic translation in iambic pentameter and terza rima
./literature/Vikram Urvasi.pdf	Vikram Urvasi
./literature/Light and Dark.pdf	Light and Dark
./literature/Valmiki 's Ramayana vol 1.pdf	Valmiki 's Ramayana vol 1
./literature/The Poetry of Rainer Maria Rilke.pdf	The Poetry of Rainer Maria Rilke
./literature/Collection of works by TS Elliot.pdf	Collection of works by TS Elliot
./literature/Shadow Train Poems.epub	Shadow Train Poems
./literature/The Little Prince by Antoine De Saint-Exupery (z-lib.org).epub	The Little Prince by Antoine De Saint-Exupery (z-lib.org)
./literature/The Birth of the War God.pdf	The Birth of the War God
./literature/Abhijnana Sakuntalam.pdf	Abhijnana Sakuntalam
./literature/A History of Old Norse Poetry and Poetics.pdf	A History of Old Norse Poetry and Poetics
./literature/Dante Alighieri - translated by Mark Musa.pdf	Dante Alighieri - translated by Mark Musa
./literature/Palatak Toofan.pdf	Palatak Toofan
./literature/Valmiki 's Ramayana vol 4.pdf	Valmiki 's Ramayana vol 4
./literature/Three Virgins - Manjula Padmanabhan.pdf	Three Virgins - Manjula Padmanabhan
./literature/More Notes of a Dirty Old Man - Charles Bukowski.pdf	More Notes of a Dirty Old Man - Charles Bukowski
./literature/Invisible Cities.epub	Invisible Cities
./oraygami/math of it.shelf/Origami Tesselations.pdf	Origami Tesselations
./oraygami/math of it.shelf/Generalized Waterbom Tesselations.pdf	Generalized Waterbom Tesselations
./oraygami/math of it.shelf/Method for Designing CPs for Flat Foldable Origami.pdf	Method for Designing CPs for Flat Foldable Origami
./oraygami/math of it.shelf/Origami Math -Delahaye.pdf	Origami Math -Delahaye
./oraygami/math of it.shelf/Computational Algorithm for Origami Design.pdf	Computational Algorithm for Origami Design
./oraygami/math of it.shelf/Origami Design with Benifit of Graph Enumeration.pdf	Origami Design with Benifit of Graph Enumeration
./oraygami/math of it.shelf/Reconstructing David Huffman Tesselations.pdf	Reconstructing David Huffman Tesselations
./oraygami/machines.shelf/Making Mechanical Marvels In Wood - Raymond Levy.pdf	Making Mechanical Marvels In Wood - Raymond Levy
./oraygami/machines.shelf/Making Mechanical Toys - Rodney Peppe.pdf	Making Mechanical Toys - Rodney Peppe
./oraygami/machines.shelf/Krazy Karakuri.epub	Krazy Karakuri
./oraygami/machines.shelf/Mechanical Toy Curation.pdf	Mechanical Toy Curation
,./oraygami/machines.shelf/Making Mad Toys Mechanical Marvels in Wood - Rodney Frost, Brian Barrer.pdf	,Making Mad Toys Mechanical Marvels in Wood - Rodney Frost, Brian Barrer
./oraygami/machines.shelf/Karakuri.pdf	Karakuri
./oraygami/machines.shelf/Making Moving Toys and Automata - Robert Race.epub	Making Moving Toys and Automata - Robert Race
./oraygami/main.shelf/Origami complete step-by-step Course.pdf	Origami complete step-by-step Course
,./oraygami/main.shelf/Viva Origami - Jun Maekawa, Kunihiko Kasahara.pdf	,Viva Origami - Jun Maekawa, Kunihiko Kasahara
./oraygami/main.shelf/Collected Origami 1.pdf	Collected Origami 1
./oraygami/main.shelf/Six Simple Twists.pdf	Six Simple Twists
./oraygami/main.shelf/Extreme Origami - Kunihiko Kasahara.pdf	Extreme Origami - Kunihiko Kasahara
./oraygami/main.shelf/Flexagons.pdf	Flexagons
./oraygami/main.shelf/Project Origami - Thomas Hull.pdf	Project Origami - Thomas Hull
,./oraygami/main.shelf/Origami Design Secrets, Mathematical Methods for an Ancient Art.pdf	,Origami Design Secrets, Mathematical Methods for an Ancient Art
./oraygami/main.shelf/Folding Techniques for Designers From Sheet to Form - Paul Jackson.pdf	Folding Techniques for Designers From Sheet to Form - Paul Jackson
./oraygami/main.shelf/The complete book of origami.pdf	The complete book of origami
,./oraygami/main.shelf/Origami - Toyoaki Kawai, Thomas I Elliott.pdf	,Origami - Toyoaki Kawai, Thomas I Elliott
./oraygami/main.shelf/Square Pixel Tessellation CP.pdf	Square Pixel Tessellation CP
./oraygami/main.shelf/Bauhaus Foundation Course Booklet - Eric_Gjerde.pdf	Bauhaus Foundation Course Booklet - Eric_Gjerde
./oraygami/main.shelf/Amazing Origami - Kunihiko Kasahara.pdf	Amazing Origami - Kunihiko Kasahara
,./oraygami/main.shelf/Origami Odyssey, A Journey to the Edge of Paperfolding.pdf	,Origami Odyssey, A Journey to the Edge of Paperfolding
./oraygami/main.shelf/Miscellaneous Folds I - Neal Elias.pdf	Miscellaneous Folds I - Neal Elias
./oraygami/main.shelf/Origami Art - Origamido Studio.pdf	Origami Art - Origamido Studio
./oraygami/main.shelf/Origami Calendar 2006.pdf	Origami Calendar 2006
./oraygami/main.shelf/Miscellaneous Folds II - Neal Elias.pdf	Miscellaneous Folds II - Neal Elias
./oraygami/main.shelf/Tessellation Book.pdf	Tessellation Book
./oraygami/main.shelf/Collected Origami 2.pdf	Collected Origami 2
./oraygami/main.shelf/Origami Course.pdf	Origami Course
./oraygami/main.shelf/Complete Pleats - Paul Jackson.pdf	Complete Pleats - Paul Jackson
./oraygami/main.shelf/Origami Tessellations.pdf	Origami Tessellations
./oraygami/main.shelf/Snapology.epub	Snapology
./poetic science/Secrets in Inequalities Vol2.pdf	Secrets in Inequalities Vol2
./poetic science/Stellar Structure And Evolution.pdf	Stellar Structure And Evolution
,./poetic science/Mathematical Problems and Proofs Combinatorics, Number Theory, and Geometry.pdf	,Mathematical Problems and Proofs Combinatorics, Number Theory, and Geometry
./poetic science/[ 06 Elements of Mathematics] - Functions of a Real Variable.pdf	[ 06 Elements of Mathematics] - Functions of a Real Variable
./poetic science/Mathnawi of Jalaluldin Vol4.pdf	Mathnawi of Jalaluldin Vol4
./poetic science/Darwins camera art and photography in the theory of evolution.pdf	Darwins camera art and photography in the theory of evolution
./poetic science/Geometric algebra.djvu	Geometric algebra
./poetic science/Secrets in Inequalities Vol1.pdf	Secrets in Inequalities Vol1
./poetic science/Handbook Of Ornament.pdf	Handbook Of Ornament
./poetic science/Computer System Architecture.djvu	Computer System Architecture
./poetic science/Al-tafsir Al-kabir.pdf	Al-tafsir Al-kabir
./poetic science/The Universe in Zero Words.pdf	The Universe in Zero Words
./poetic science/Original Sources of Quran.pdf	Original Sources of Quran
./poetic science/The Great Mistake - Relativity.pdf	The Great Mistake - Relativity
./poetic science/Notebooks of Leonardo da Vinci.pdf	Notebooks of Leonardo da Vinci
./poetic science/Forbidden Sexual Behavior and Morality.pdf	Forbidden Sexual Behavior and Morality
./poetic science/History of Birds.epub	History of Birds
./poetic science/On numbers and Games.djvu	On numbers and Games
./poetic science/Geological Observations on South America.pdf	Geological Observations on South America
./poetic science/Knots - Adam Adamides.pdf	Knots - Adam Adamides
./poetic science/Heraclitus The Cosmic Fragments.pdf	Heraclitus The Cosmic Fragments
./poetic science/The Art of Finding Nemo.pdf	The Art of Finding Nemo
,./poetic science/One, two, three - infinity.djvu	,One, two, three - infinity
./poetic science/The Secret Life of Pronouns.epub	The Secret Life of Pronouns
./poetic science/Quran Saheeh.pdf	Quran Saheeh
./poetic science/Why Beauty Is Truth.pdf	Why Beauty Is Truth
./poetic science/Regular algebra and Finite machines.djvu	Regular algebra and Finite machines
./poetic science/[ 01 Elements of Mathematics] - Theory of sets.djvu	[ 01 Elements of Mathematics] - Theory of sets
./poetic science/[ 13 Elements of Mathematics] Commutative algebra.djvu	[ 13 Elements of Mathematics] Commutative algebra
./poetic science/The Fractal Geometry of Nature.epub	The Fractal Geometry of Nature
./poetic science/Maps of the Ancient World.pdf	Maps of the Ancient World
./poetic science/[ 09 Elements of Mathematics] -  Integration - Ch 7.pdf	[ 09 Elements of Mathematics] -  Integration - Ch 7
./poetic science/Bible Myths and Their Parallels in Other Religions.djvu	Bible Myths and Their Parallels in Other Religions
./poetic science/Bible and Qur'an - Essays in Scriptural Intertextuality.pdf	Bible and Qur'an - Essays in Scriptural Intertextuality
./poetic science/Reflecting Narcissus - A Queer Aesthetic.pdf	Reflecting Narcissus - A Queer Aesthetic
./poetic science/Materials by design: Merging proteins and music.pdf	Materials by design: Merging proteins and music
./poetic science/Tractatus Logico-Philosophicus.pdf	Tractatus Logico-Philosophicus
./poetic science/Sacred Mathematics - Japanese Temple Geometry.pdf	Sacred Mathematics - Japanese Temple Geometry
./poetic science/Human Sexual Inadequacy.pdf	Human Sexual Inadequacy
./poetic science/Introduction to the Theory of Computation - Michael Sipser.djvu	Introduction to the Theory of Computation - Michael Sipser
./poetic science/Physics From Symmetry.pdf	Physics From Symmetry
./poetic science/Anatomical Drawings - Da Vinci.pdf	Anatomical Drawings - Da Vinci
./poetic science/[ 05 Elements of Mathematics] - General Topology - Ch 5 to 10.djvu	[ 05 Elements of Mathematics] - General Topology - Ch 5 to 10
./poetic science/Stereographic Projection.djvu	Stereographic Projection
./poetic science/The Cosmographia of Sebastian Munster.pdf	The Cosmographia of Sebastian Munster
./poetic science/ The Joy of Cats.pdf	 The Joy of Cats
./poetic science/Introduction to the theory of computation - Michael Sipser - Manual.djvu	Introduction to the theory of computation - Michael Sipser - Manual
./poetic science/Chinese Binary.pdf	Chinese Binary
./poetic science/Introduction to the theory of computation - Eitan Gurari.pdf	Introduction to the theory of computation - Eitan Gurari
./poetic science/Winning Ways for your mathematical plays.djvu	Winning Ways for your mathematical plays
./poetic science/Punchcard Tech Manual.pdf	Punchcard Tech Manual
./poetic science/Journal of Researches into the Geology and Natural History of The Voyage of Beagle.pdf	Journal of Researches into the Geology and Natural History of The Voyage of Beagle
./poetic science/[ 09 Elements of Mathematics] -  Integration - Ch 7 to 9.djvu	[ 09 Elements of Mathematics] -  Integration - Ch 7 to 9
,./poetic science/Secrets in Inequalities, Vol1.pdf	,Secrets in Inequalities, Vol1
./poetic science/[ 03 Elements of Mathematics] - Algebra - Ch 4 to 7.djvu	[ 03 Elements of Mathematics] - Algebra - Ch 4 to 7
,./poetic science/The Thirteen Books of the Elements, 03 to 09.pdf	,The Thirteen Books of the Elements, 03 to 09
./poetic science/Human Sexual Response.pdf	Human Sexual Response
./poetic science/The Moral Landscape How Science Can Determine Human Values.epub	The Moral Landscape How Science Can Determine Human Values
./poetic science/[ 04 Elements of Mathematics] - General Topology - Ch 1 to 4.djvu	[ 04 Elements of Mathematics] - General Topology - Ch 1 to 4
./poetic science/Poetry of Physics and the Physics of Poetry.pdf	Poetry of Physics and the Physics of Poetry
./poetic science/Collection -  Old Maps of the World Ancient Earth Atlas.epub	Collection -  Old Maps of the World Ancient Earth Atlas
./poetic science/The Mystery of Life's Origin.pdf	The Mystery of Life's Origin
./poetic science/[ 08 Elements of Mathematics] -  Integration - Ch 1 to 6.pdf	[ 08 Elements of Mathematics] -  Integration - Ch 1 to 6
./poetic science/What is Life.pdf	What is Life
./poetic science/Cosmographia.pdf	Cosmographia
./poetic science/The Elements of Computing Systems.pdf	The Elements of Computing Systems
./poetic science/The Tower of Hanoi – Myths and Maths.pdf	The Tower of Hanoi – Myths and Maths
./poetic science/The Art of Seduction.pdf	The Art of Seduction
./poetic science/The Colours of Infinity.pdf	The Colours of Infinity
./poetic science/Star Maps.pdf	Star Maps
./poetic science/Remarkable Curves.pdf	Remarkable Curves
./poetic science/Knot Book.pdf	Knot Book
,./poetic science/Darwins Notebooks, 1836-1844_ Geology, Transmutation of Species, Metaphysical Enquiries.pdf	,Darwins Notebooks, 1836-1844_ Geology, Transmutation of Species, Metaphysical Enquiries
./poetic science/Masters of Sex.epub	Masters of Sex
./poetic science/A Mathematicians Apology.pdf	A Mathematicians Apology
./poetic science/Illuminating in Micrography - The Catalan Micrography Mahzor.pdf	Illuminating in Micrography - The Catalan Micrography Mahzor
./poetic science/Oulipo.pdf	Oulipo
./poetic science/Quantum Mechanics.djvu	Quantum Mechanics
./poetic science/The Poem of Empedocles.pdf	The Poem of Empedocles
./poetic science/Timaeus.pdf	Timaeus
./poetic science/Concepts of Modern Physics.pdf	Concepts of Modern Physics
./poetic science/[ 12 Elements of Mathematics] - Lie Groups and Lie Algebras -  Ch 1 to 3.djvu	[ 12 Elements of Mathematics] - Lie Groups and Lie Algebras -  Ch 1 to 3
./poetic science/Narcissus and Oedipus.pdf	Narcissus and Oedipus
./poetic science/Tractus.pdf	Tractus
./poetic science/Cubist.epub	Cubist
./poetic science/The kinematics of Machinery.pdf	The kinematics of Machinery
./poetic science/The Monte Carlo Method.pdf	The Monte Carlo Method
,./poetic science/Hexaflexagons, Probability Paradoxes, and the Tower of Hanoi.pdf	,Hexaflexagons, Probability Paradoxes, and the Tower of Hanoi
./poetic science/A new kind of Science.pdf	A new kind of Science
./poetic science/The sensual (quadratic) form.djvu	The sensual (quadratic) form
./poetic science/Last lecture of Galois.pdf	Last lecture of Galois
./poetic science/[ 02 Elements of Mathematics] - Algebra - Ch 1 to 3.pdf	[ 02 Elements of Mathematics] - Algebra - Ch 1 to 3
./poetic science/Mathnawi of Jalaluldin Vol1.pdf	Mathnawi of Jalaluldin Vol1
./poetic science/Fearful symmetry.djvu	Fearful symmetry
./poetic science/Cows in the Maze And Other Mathematical Explorations - Ian Stewart.pdf	Cows in the Maze And Other Mathematical Explorations - Ian Stewart
./poetic science/Handbook of Greek Mythology.pdf	Handbook of Greek Mythology
./poetic science/Concrete Mathematics.djvu	Concrete Mathematics
./poetic science/Fooled by Randomness.epub	Fooled by Randomness
./poetic science/[ 11 Elements of Mathematics] - Lie Groups and Lie Algebras -  Ch 4 to 6.pdf	[ 11 Elements of Mathematics] - Lie Groups and Lie Algebras -  Ch 4 to 6
,./poetic science/Game, Set and Math.pdf	,Game, Set and Math
./poetic science/Book of Knowledge.epub	Book of Knowledge
./poetic science/The Fourth Dimension.epub	The Fourth Dimension
,./poetic science/The Thirteen Books of the Elements, 10 to 13.pdf	,The Thirteen Books of the Elements, 10 to 13
./poetic science/Music and Mathematics - From Pythagoras to Fractals.pdf	Music and Mathematics - From Pythagoras to Fractals
./poetic science/The book of Numbers.djvu	The book of Numbers
./poetic science/Mathnawi of Jalaluldin Vol2.pdf	Mathnawi of Jalaluldin Vol2
./poetic science/The Gist of Mathematics.pdf	The Gist of Mathematics
./poetic science/[ 07 Elements of Mathematics] - Topological Vector Spaces.pdf	[ 07 Elements of Mathematics] - Topological Vector Spaces
./poetic science/Mathnawi of Jalaluldin Vol3.pdf	Mathnawi of Jalaluldin Vol3
./poetic science/Learn Latin from the Romans.pdf	Learn Latin from the Romans
./poetic science/On Looking.pdf	On Looking
./poetic science/The Origin of Species.epub	The Origin of Species
./poetic science/The Elegant Universe.pdf	The Elegant Universe
./poetic science/Antique Maps of Greece.pdf	Antique Maps of Greece
./poetic science/One Sentence Proof.pdf	One Sentence Proof
./poetic science/Nicolas Bourbaki Junior - Fuckin Concrete Contemporary Abstract Algebra Introduction.pdf	Nicolas Bourbaki Junior - Fuckin Concrete Contemporary Abstract Algebra Introduction
./poetic science/The Selfish Gene.pdf	The Selfish Gene
,./poetic science/The Thirteen Books of the Elements, 01 and 02.pdf	,The Thirteen Books of the Elements, 01 and 02
./poetic science/The Doré Bible Gallery.epub	The Doré Bible Gallery
./poetic science/The order of Time.pdf	The order of Time
,./poetic science/On quaternions and octonions their geometry, arithmetic and symmetry.djvu	,On quaternions and octonions their geometry, arithmetic and symmetry
./poetic science/Notes on Introductory Combinatorics.pdf	Notes on Introductory Combinatorics
./poetic science/Theory of Nothing.pdf	Theory of Nothing
./poetic science/The Arts of Seduction.epub	The Arts of Seduction
,./poetic science/Sacred Geometry for Artists, Dreamers, and Philosophers Secrets of Harmonic Creation.epub	,Sacred Geometry for Artists, Dreamers, and Philosophers Secrets of Harmonic Creation
./poetic science/Botticelli Illustrates The Divine Comedy.pdf	Botticelli Illustrates The Divine Comedy
./poetic science/Close to the Machine Technophilia and Its Discontents.djvu	Close to the Machine Technophilia and Its Discontents
./poetic science/Your Incredible Cat.pdf	Your Incredible Cat
./poetic science/Surreal Numbers.pdf	Surreal Numbers
./poetic science/Journal of Researches - Voyage of the Beagle.pdf	Journal of Researches - Voyage of the Beagle
