0000000000000 	 '3000basicJapa.pdf '
0000000000000 	 'Aboriginal.pdf '
0000000000000 	 'A Brief Introduction to the Standard Annotation Language.pdf '
0000000000000 	 'A Brief Tutorial on Database Queries, Data Mining, and OLAP.pdf '
0000000000000 	 'Abstract Algebra Appliations.pdf '
0000000000000 	 'Abstract Rendering - Out-of-core Rendering for Information Visualization.pdf '
0000000000000 	 'Advanced Data Structures.pdf '
0000000000000 	 'A Dzongkha Dictionary for Beginners .pdf '
0000000000000 	 'A Family of Perfect Hashing Methods.pdf '
0000000000000 	 'A Fast, Minimal Memory, Consistent Hash Algorithm.pdf '
0000000000000 	 'A File Comparison Program.pdf '
0000000000000 	 'A First Encounter with Machine Learning.pdf '
0000000000000 	 'Afrikaans-TY.pdf '
0000000000000 	 'A Gateway To Sindarin.pdf '
0000000000000 	 'A History of the English Language .pdf '
9780982578643 	 'AlaskanHaidaPhrasebook_web.pdf '
0000000000000 	 'Algorithms for Programmers.pdf '
0000000000000 	 'Al-Kitaab fii Taallum al-Arabiyya Part 1.pdf '
0000000000000 	 'Al-Kitaab fii Ta allum al- Arabiyya Part 2.pdf '
0000000000000 	 'Al-Kitaab fii Ta`allum al-`Arabiyya Part 3.pdf '
0000000000000 	 'Almost Random Graphs with Simple Hash Functions.pdf '
0000000000000 	 'A Mathematical Theory of Communication.pdf '
0000000000000 	 'Amharic-Routledge.pdf '
0000000000000 	 'A Nahuatl-English Dictionary.pdf '
9781138947337 	 'Analysing sentences.pdf '
0000000000000 	 'An Introduction to English Phonology.pdf '
9781118732298 	 'An Introduction to Sociolinguistics .pdf '
0000000000000 	 'Anishinaabemowin.pdf '
0000000000000 	 'arabic calligraphy.pdf '
0000000000000 	 'Arabic-Egypt-Routledge.pdf '
0000000000000 	 'Arabic-Handwriting.pdf '
9780781812382 	 'Arabic-Hippocrene.pdf '
0000000000000 	 'Arabic-Routledge-Levantine.pdf '
0000000000000 	 'Arabic-Script.pdf '
9780415516938 	 'Arabiyyat Al-Naas Part One.pdf '
9780415509084 	 'Arabiyyat Al-Naas Part Two.pdf '
0000000000000 	 'Armenian, Beginner.pdf '
0000000000000 	 'Arrernte.pdf '
9780071601382 	 'ASL-demystified.pdf '
0000000000000 	 'ASL-dictionary.pdf '
0000000000000 	 'ASL-Polite.pdf '
0000000000000 	 'Assamese, An Intensive Course in (Dutta).pdf '
0000000000000 	 'Australian Kriol_ An Introduction to Conversational Kriol (Sandefur _ Sandefur).pdf '
0000000000000 	 'Australian Sign Language (Auslan)_ An introduction to sign language linguistics .pdf '
9787804156966 	 'Authority.pdf '
0000000000000 	 'Aymara, Beginning (Wexler).pdf '
9780071747370 	 'Babylonian-TY.pdf '
0000000000000 	 'Bangla Academy English-Bengali Dictionary .pdf '
0000000000000 	 'Bashkir Manual (Poppe).pdf '
0000000000000 	 'Basic Cantonese_ A Grammar and Workbook - Readers StuffZ .pdf '
0000000000000 	 'basilusHerbarium.pdf '
0000000000000 	 'Basque-Routledge.pdf '
0000000000000 	 'Beginner_s Danish - Nete Schmidt.pdf '
0000000000000 	 'Bengali-TY-Hudson.pdf '
0000000000000 	 'Bengali-TY-Radice.pdf '
9780470694770 	 'BSL.pdf '
0000000000000 	 'Bulgarian-Routledge.pdf '
0000000000000 	 'Burmese-Routledge.pdf '
0000000000000 	 'Cantonese-Routledge.pdf '
0000000000000 	 'Cantonese-TY.pdf '
0000000000000 	 'Catalan-Routledge.pdf '
0000000000000 	 'Cebuano. A Functional Reference Grammar of Cebuano .pdf '
0000000000000 	 'Cebuano for Beginners .pdf '
0000000000000 	 'Cheat Sheet.pdf '
0000000000000 	 'Cherokee, A Reference Grammar of Oklahoma (Montgomery-Anderson).pdf '
0000000000000 	 'Cherokee, Introduction to (Howard _ Eby).pdf '
0000000000000 	 'Coast Tsimshian Language).pdf '
0000000000000 	 'Computational Thinking: A Primer for Programmers and Data Scientists.pdf '
0000000000000 	 'Computer science Logo style (Volume 2) by Harvey B. (z-lib.org).pdf '
0000000000000 	 'Computer science Logo style (Volume 3) by Brian Harvey (z-lib.org).pdf '
0000000000000 	 'Concise English-Tigrinya dictionary .pdf '
0000000000000 	 'Conlangers-Thesaurus.pdf '
0000000000000 	 'Coptic-in-20-Lessons_Bentley-Layton.pdf '
0000000000000 	 'Coreano básico.pdf '
0000000000000 	 'Corpus Linguistics.pdf '
0000000000000 	 'Creek, Beginning (Innes, Alexander, _ Tilkens).pdf '
0000000000000 	 'Creek, Intermediate (Innes, Alexander, _ Tilkens).pdf '
0000000000000 	 'Croatian-Routledge.pdf '
0000000000000 	 'Czech-Routledge.pdf '
0000000000000 	 'Czech-TY.pdf '
0000000000000 	 'Danish-Routledge.pdf '
0000000000000 	 'Danish-TY.pdf '
0000000000000 	 'Diccionario chontal de Tabasco .pdf '
0000000000000 	 'Diccionario Guaraní-Español y Español-Guaraní _ Ñe_êngueryru Avañe_e-Caraiñe_ê Ha Caraiñe_ê-Avañe_ê .pdf '
0000000000000 	 'diccionario_yaquis_imip_2017.pdf '
0000000000000 	 'Dictionary of Symbols by J. C. Cirlot (z-lib.org).pdf '
0000000000000 	 'Dictionary Yaqui Yoeme Hiaki-English .pdf '
0000000000000 	 'Discovering Albanian I Textbook .pdf '
0000000000000 	 'DK - 15-Minute Arabic_ Learn in just 12 weeks (2018, DK Publishing) - libgen.li.pdf '
0000000000000 	 'Doing Math with Python Use Programming to Explore Algebra, Statistics, Calculus, and More by Amit Saha (z-lib.org).pdf '
0000000000000 	 'Dutch-Routledge.pdf '
0000000000000 	 'Dutch-TY.pdf '
9780521085106 	 'Dyirbal Language of North Queensland (Dixon).pdf '
0000000000000 	 'ED364085.pdf '
0000000000000 	 'El Catalan Sin Esfuerzo - Catalan for Spanish Speaking People (Catalan and Spanish Edition) .pdf '
0000000000000 	 'El Coreano Basico.pdf '
0000000000000 	 'Elements of Luganda grammar_ together with exercises and vocabulary .pdf '
9780071749213 	 'epdf.pub_haitian-creole-phrasebook-essential-expressions-fo.pdf '
0000000000000 	 'Eric Matthes - Python Crash Course_ A Hands-On, Project-Based Introduction to Programming (2015, No Starch Press) - libgen.lc.pdf '
0000000000000 	 'Esperanto, Teach Yourself (Cresswell _ Hartley).pdf '
0000000000000 	 'Estonian-Routledge.pdf '
0000000000000 	 'Everyone Here Spoke Sign Language_ Hereditary Deafness on Martha_s Vineyard .pdf '
0000000000000 	 'Ewha Korean 1-1 .pdf '
0000000000000 	 'Ewha Korean 1-1 Workbook .pdf '
9780804841825 	 'Farsi (Persian) for Beginners_ Mastering Conversational Farsi ( PDFDrive.com ).pdf '
0000000000000 	 'Faulkner_ConciseDictionary-smaller copy.pdf '
0000000000000 	 'Fijian Language, Handbook of the (Moore) (1893).pdf '
0000000000000 	 'Fijian, Lessons in (Schütz _ Komaitai).pdf '
0000000000000 	 'Fiji Hindi - English, English - Fiji Hindi Dictionary .pdf '
0000000000000 	 'Fiji-Hindi.pdf '
0000000000000 	 'Finnish-Routledge.pdf '
0000000000000 	 'Finnish-TY.pdf '
9780826492951 	 'Forensic-Linguistics.pdf '
0000000000000 	 'French.pdf '
0000000000000 	 'French-Routledge.pdf '
0000000000000 	 'French-TY.pdf '
0000000000000 	 'Fsi-FulaBasicCourse-StudentText.pdf '
0000000000000 	 'FSI - Luganda Basic Course - Instructor and Student Text.pdf '
0000000000000 	 'funarabic.pdf '
9780824831318 	 'Gagana Samoa_ A Samoan Language Coursebook .pdf '
0000000000000 	 'Garo_ The Language of the Modhupur Mandi (Garo) - Vol 1 (Burling).pdf '
0000000000000 	 'GENKI I_ An Integrated Course in Elementary Japanese .pdf '
0000000000000 	 'Georgian-Hippocrene.pdf '
0000000000000 	 'German-Routledge.pdf '
0000000000000 	 'German_Wikibook.pdf '
9789789865628 	 'Glossika Mass Sentences Hakka (Sixian_Hailu) Fluency 1 .pdf '
0000000000000 	 'Gramática de uso del Español Teoría y práctica. Con solucionario. B1-B2 .pdf '
0000000000000 	 'Gramática de uso del español_ Teoría y práctica_ Con solucionario. C1-C2 .pdf '
9783319606590 	 'Gray, Iain - Snake charming -- the musical Python-Springer (2017).pdf '
0000000000000 	 'Greek-Ancient.pdf '
0000000000000 	 'Greek-Routledge.pdf '
0000000000000 	 'Greek-Script.pdf '
0000000000000 	 'Greg London - Impatient perl (2009, Unknown Publisher) - libgen.lc.pdf '
0000000000000 	 'gsci_gsci_2009_gwichin_topical_dictionary.pdf '
0000000000000 	 'Guarani Basic Course. Part 1 .pdf '
0000000000000 	 'Gujarati-TY.pdf '
9788027599455 	 'Gullah culture in America .pdf '
0000000000000 	 'Gwich_in_ A Grammar of the Tukudh Language (McDonald) (1911).pdf '
0000000000000 	 'Hablemos el Guaraní. Primer Nivel. .pdf '
0000000000000 	 'Haida Handbook Level 1 - Grammar Guide (Lachler).pdf '
0000000000000 	 'Hausa.pdf '
0000000000000 	 'Hausa-TY.pdf '
0000000000000 	 'Hawaiian.pdf '
0000000000000 	 'Hebrew-Grammar.pdf '
0000000000000 	 'Hebrew - Routledge Modern Hebrew.pdf '
0000000000000 	 'Hebrew-Routledge.pdf '
0000000000000 	 'Hebrew-TY.pdf '
0000000000000 	 'Herero_ Grammatik des Otjiherero (Viehe) (1897).pdf '
0000000000000 	 'Hiligaynon Reference Grammar (Wolfenden).pdf '
0000000000000 	 'Hindi Fluency 1.pdf '
0000000000000 	 'Hindi in Three months .pdf '
0000000000000 	 'Hindi-Routledge.pdf '
0000000000000 	 'Hindi-TY-Rao.pdf '
0000000000000 	 'Hindi-TY-Schell.pdf '
0000000000000 	 'Hopi, Lessons in (Kalectaca _ Langacker).pdf '
9780596157609 	 'HTML & CSS The Good Parts (Animal Guide).pdf '
0000000000000 	 'Huichol Vocabulario.pdf '
0000000000000 	 'Hungarian-Routledge.pdf '
0000000000000 	 'Hungarian-TY.pdf '
0000000000000 	 'Icelandic-Hippocrene.pdf '
0000000000000 	 'Icelandic.pdf '
0000000000000 	 'Icelandic-TY.pdf '
0000000000000 	 'Igbo.pdf '
0000000000000 	 'Inga E Calvin - Maya Hieroglyphics Study Guide (2004) - libgen.lc.pdf '
0000000000000 	 'Integrated Chinese Character Workbook Leve - Yuehua Liu, Tao-Chung Yao, Nyan-Ping Bi, L.pdf '
9780262525008 	 'Introduction.to.Computation.and.Programming.Using.Python.pdf '
9780262525008 	 'IntroductiontoComputation and Programming Using Python.pdf '
0000000000000 	 'Iontenwennaweienstahkhwa_. Mohawk Spelling Dictionary .pdf '
0000000000000 	 'Irish-Routledge.pdf '
0000000000000 	 'Irish-TY.pdf '
0000000000000 	 'Italian in tree months .pdf '
0000000000000 	 'Italian-Routledge.pdf '
0000000000000 	 'James Hoch Middle Egyptian Grammar SSEA Publication 1997 (1).pdf '
0000000000000 	 'Japanese for Busy People.pdf '
0000000000000 	 'Japanese-Genki.pdf '
0000000000000 	 'Japanese with Ease vol. 1 (Assimil) (Garnier _ Toshiko).pdf '
9780596007737 	 'Java In A Nutshell A desktop quick reference by David Flanagan (z-lib.org).pdf '
0000000000000 	 'Kannada Lessons for Beginners.pdf .pdf '
0000000000000 	 'Kikuyu, First Lessons in (Leakey).pdf '
0000000000000 	 'Kinyarwanda Book, Trainee.pdf '
0000000000000 	 'Klingon Dictionary (Okrand).pdf '
0000000000000 	 'Korean Grammar in Use Beginning to Early I - Ahn Jean-Myung, Lee Kyung-ah, Han Hoo-youn.pdf '
0000000000000 	 'Korean-Hippocrene.pdf '
0000000000000 	 'Ktunaxa+Animals-+Birds.pdf '
0000000000000 	 'Ktunaxa+Animals-+Fish.pdf '
0000000000000 	 'Ktunaxa+Animals-+Mammals.pdf '
0000000000000 	 'Ktunaxa+Animals-+Reptiles+and+Amphibians.pdf '
0000000000000 	 'Ktunaxa-+Body+Parts.pdf '
0000000000000 	 'Ktunaxa-+Calendar.pdf '
0000000000000 	 'Ktunaxa-+Colours.pdf '
0000000000000 	 'Ktunaxa-+Family+Members.pdf '
0000000000000 	 'Ktunaxa+Household+Phrases.pdf '
0000000000000 	 'Ktunaxa-+Numbers.pdf '
0000000000000 	 'Ktunaxa-+Place+Names+small+list+.pdf '
0000000000000 	 'Ktunaxa-+Plants.pdf '
0000000000000 	 'Ktunaxa-+Pronunciation+Quick+Guide.pdf '
0000000000000 	 'Kurdish, Learn (Rizgar).pdf '
0000000000000 	 'Kurmanji.pdf '
0000000000000 	 'Kutenai Language, A Description of the (Morgan).pdf '
0000000000000 	 'L199c_FrasesHuicholEspanol_Leer_hch.pdf '
0000000000000 	 'Lakota Language, Reading and Writing the (White Hat).pdf '
0000000000000 	 'lambdin-introduction-to-sahidic-coptic.pdf '
0000000000000 	 'Lao Basics_ An Introduction to the Lao Language .pdf '
0000000000000 	 'Latin - An Intensive Course (Moreland _ Fleischer).pdf '
0000000000000 	 'Latin-TY.pdf '
0000000000000 	 'Latin, Wheelock_s (Wheelock) [with Reader].pdf '
0000000000000 	 'Latvian-Routledge.pdf '
9781138795464 	 '(Learning about Language) Keith Johnson - The history of Early English _ An Activity-based Introduction to Early, Middle and Early Modern English language-Routledge (2016).pdf '
0000000000000 	 'Learning Perl 6 Keeping the Easy, Hard, and Impossible within Reach.pdf '
9780596157135 	 'Learning PHP, MySQL, and JavaScript by Robin Nixon (z-lib.org).pdf '
0000000000000 	 'Learn to Read Latin Textbook .pdf '
0000000000000 	 'Learn to Read Latin Workbook .pdf '
0000000000000 	 'libro curso de lengua tamazight nivel elemental .pdf '
0000000000000 	 'Lingala Basic Course (Bongo).pdf '
0000000000000 	 'Linguistics _ a complete introduction .pdf '
9780415560917 	 'Lithuanian-Routledge.pdf '
0000000000000 	 'living language swahili, a complete course for beginners, book.pdf .pdf '
0000000000000 	 'living-our-language-ojibwe-tales-and-oral-histories-native-voices.pdf '
0000000000000 	 'Lojban .pdf '
0000000000000 	 'Low German - East Frisian dialect (Matras _ Reershemius).pdf '
0000000000000 	 'Luganda-English Dictionary .pdf '
0000000000000 	 'Lushootseed Dictionary .pdf '
0000000000000 	 'Lushootseed reader with introductory grammar .pdf '
9780299247645 	 'Macedonian.pdf '
0000000000000 	 'Malayalam - A University Course and Reference Grammar (Moag).pdf '
0000000000000 	 'Malay-Routledge.pdf '
0000000000000 	 'Maltese-TY.pdf '
0000000000000 	 'Mandarin-Routledge.pdf '
0000000000000 	 'Manual_Aula_de_Galego_1_libro_completo_red.pdf '
0000000000000 	 'Manual_Aula_de_Galego_1_resumo_gramatical.pdf '
0000000000000 	 'Manual_Aula_de_Galego_2_libro_completo.pdf '
0000000000000 	 'Manual_Aula_de_Galego_2_resumo_gramatical.pdf '
0000000000000 	 'Manual_Aula_de_Galego_3_libro_completo.pdf '
0000000000000 	 'Manual_Aula_de_Galego_3_resumo_gramatical.pdf '
0000000000000 	 'Manual_Aula_de_Galego_4_libro_completo.pdf '
0000000000000 	 'Manual_Aula_de_Galego_4_resumo_gramatical.pdf '
0000000000000 	 'many1000 kanjis - japanese dictionary (0) - libgen.lc.pdf '
0000000000000 	 'Maori, Beginners (Harawira).pdf '
0000000000000 	 'Maori-TY.pdf '
0000000000000 	 'Mapudungun.pdf '
0000000000000 	 'Mikasuki Grammar in Outline (Boynton).pdf '
0000000000000 	 'Mohawk A Teaching Grammar (Deering _ Delisle).pdf '
0000000000000 	 'Mongolian-Routledge.pdf '
9781405194679 	 'Morphology.pdf '
9789786079202 	 'Náhuatl como segunda lengua .pdf '
0000000000000 	 'Navajo-Dictionary.pdf '
0000000000000 	 'Navajo.pdf '
0000000000000 	 'Nepali-TY.pdf '
0000000000000 	 'Nhanda - An Aboriginal Language of Western Australia (Blevins).pdf '
0000000000000 	 'Noongar-Dictionary-Second-Edition.pdf '
0000000000000 	 'Norwegian-Routledge.pdf '
0000000000000 	 'Norwegian-TY.pdf '
0000000000000 	 'Nuu-chah-nulth_ Kyuquot Grammar (Rose).pdf '
9780578034645 	 'Ojibwe Vocabulary Project.pdf '
0000000000000 	 'Old English-TY.pdf '
0000000000000 	 'OpenGL SuperBible.pdf '
0000000000000 	 'otjiherero_page9.pdf '
0000000000000 	 'Palauan Reference Grammar (PALI language texts) .pdf '
0000000000000 	 'PBE8-wip.pdf '
0000000000000 	 'Perl Graphics Programming Creating SVG, SWF (Flash), JPEG and PNG files with Perl.pdf '
0000000000000 	 'Persian-TY.pdf '
0000000000000 	 'Phoenician Language, A Grammar of the (Harris).pdf '
0000000000000 	 'PHP 5 Recipes.pdf '
0000000000000 	 'PHP Cookbook.pdf '
0000000000000 	 'PHP Notes For Professionals.pdf '
0000000000000 	 'PHP The right Way.pdf '
0000000000000 	 'PL-C96.pdf '
0000000000000 	 'Polish-Routledge.pdf '
0000000000000 	 'Polish-TY.pdf '
0000000000000 	 'Portuguese-Grammar.pdf '
0000000000000 	 'Portuguese-TY-Br.pdf '
0000000000000 	 'Portuguese-TY.pdf '
0000000000000 	 'Potawatomi, Conversational (Neely).pdf '
0000000000000 	 'Psycholinguistics.pdf '
0000000000000 	 'Punjabi-Routledge.pdf '
0000000000000 	 'Punjabi-TY.pdf '
0000000000000 	 'Python GUI Programming Cookbook.pdf '
0000000000000 	 'Quechua Basic Course, Ecuadorian (Ott).pdf '
0000000000000 	 'Quenya Course (Fauskanger).pdf '
0000000000000 	 'Quick Signs.pdf '
0000000000000 	 'Romanian-Grammar.pdf '
0000000000000 	 'Romanian-Routledge.pdf '
0000000000000 	 'Romanian-TY.pdf '
0000000000000 	 'Samoan Language, Grammar and Vocabulary of the (Neffgen) (1918).pdf '
9780814783054 	 'Sanskrit Text.pdf '
0000000000000 	 'Sanskrit-TY.pdf '
0000000000000 	 'Scottish-Routledge.pdf '
0000000000000 	 'Scottish-three-months.pdf '
0000000000000 	 'Scottish-TY.pdf '
0000000000000 	 'Seneca-Grammar-Book.pdf '
0000000000000 	 'Seneca Morphology and Dictionary (Chafe).pdf '
0000000000000 	 'Serbian Fluency 1.pdf '
0000000000000 	 'Sindarin Course, Pedin Edhellen (Renk).pdf '
0000000000000 	 'Slovak-Routledge.pdf '
0000000000000 	 'Slovenian-Routledge.pdf '
0000000000000 	 'Sorbian (Upper and Lower) (Stone).pdf '
0000000000000 	 'Spanish-Advanced.pdf '
0000000000000 	 'Spanish-Grammar.pdf '
0000000000000 	 'Sumerian.pdf '
0000000000000 	 'Swahili - a foundation for speaking reading and writing (Hinnebusch _ Mirza).pdf '
0000000000000 	 'Swahili, Learners_ Reference Grammar (Thompson _ Schleicher).pdf '
0000000000000 	 'Swahili-Routledge.pdf '
0000000000000 	 'Swahili-TY.pdf '
0000000000000 	 'Swedish Fluency 1.pdf '
0000000000000 	 'Swedish-Routledge.pdf '
0000000000000 	 'Sweigart, Al - Automate the boring stuff with python _ practical programming for total beginners (2015, No Starch Press) - libgen.lc.pdf '
0000000000000 	 'Tagalog, Basic (Aspillera).pdf '
9781462910397 	 'Tagalog for Beginners .pdf '
0000000000000 	 'Tagalog, Living Language (de Valerio).pdf '
0000000000000 	 'Tamil-Routledge.pdf '
0000000000000 	 'Tasmanian (Crowley _ Dixon).pdf '
0000000000000 	 'Teach Yourself_ Indonesian .pdf '
0000000000000 	 'Thai-Routledge.pdf '
0000000000000 	 'TheAlgorithmDesignManual.pdf '
0000000000000 	 'THEFOUNDERPRINCIPLEINCREOLEGENESIS.pdf '
9780620703291 	 'TheGirlWithoutASound_Book_isiZulu - draft02.pdf '
9788019922629 	 'The Grammar of Words_ An Introduction to Linguistic Morphology (Oxford Textbooks in Linguistics) .pdf '
0000000000000 	 'The Pocket Handbook of Image Processing Algorithms In C.pdf '
0000000000000 	 'The Study of Language.pdf '
0000000000000 	 'Thinking Spanish Translation_ A Course in Translation Method_ Spanish to English (Thinking Translation) .pdf '
0000000000000 	 'think-python.pdf '
0000000000000 	 'Tiuelis titlajtlajtos náhuatl _ Puede hablar el náhuatl .pdf '
9780982578667 	 'Tlingit_dictionary_web.pdf '
0000000000000 	 'Tlingit Grammar Handbook (Crippen).pdf '
9789781946011 	 'Tlingit.pdf '
0000000000000 	 'Tom Christiansen, Nathan Torkington - Perl cookbook (1998, O'Reilly) - libgen.lc.pdf '
0000000000000 	 'Tongan.pdf '
0000000000000 	 'Tony Hunt - Tony Hunt's Structures Notebook, Second Edition (2003, Architectural Press) - libgen.lc.pdf '
0000000000000 	 'TsimshianDictionaryOnline_sml.pdf '
0000000000000 	 'Tunumiit oraasiat_ Tunumiut oqaasii The East Greenlandic Inuit language .pdf '
0000000000000 	 'Turkish in Three Months (Hugo_s Simplified System) .pdf '
0000000000000 	 'Turkish-Routledge.pdf '
0000000000000 	 'Turkish-TY.pdf '
0000000000000 	 'Twi - Basic Course (FSI).pdf '
0000000000000 	 'tyc-eng-v2.pdf '
0000000000000 	 'Ukrainian-TY.pdf '
0000000000000 	 'Unofficial-Lakota-Language-Guide.pdf '
0000000000000 	 'Urdu-Routledge.pdf '
0000000000000 	 'Urdu-Script.pdf '
0000000000000 	 'Urdu-TY.pdf '
0000000000000 	 'v1ch16.pdf '
0000000000000 	 'Vietnamese - Easy Vietnamese.pdf '
0000000000000 	 'Vietnamese North.pdf '
0000000000000 	 'Vietnamese-Routledge.pdf '
0000000000000 	 'Vietnamese-TY.pdf '
0000000000000 	 'Vocabulario Huichol - castellano Castellano-huichol .pdf '
0000000000000 	 'Warlpiri Morphology and Syntax, Aspects of (Simpson).pdf '
0000000000000 	 'Warlpiri.pdf '
0000000000000 	 'We Are Learning Cherokee (Final).pdf '
0000000000000 	 'Welsh-Routledge.pdf '
0000000000000 	 'Welsh-three-months.pdf '
0000000000000 	 'Welsh-TY.pdf '
0000000000000 	 'Wicked Cool Perl Scripts Useful Perl Scripts That Solve Difficult Problems.pdf '
0000000000000 	 'wicked cool shell scripts wicked cool shell scripts.pdf '
0000000000000 	 'Windows Commands.pdf '
0000000000000 	 'Women, Fire, and Dangerous Things .pdf '
0000000000000 	 'Writing a Simple Operating System from Scratch.pdf '
0000000000000 	 'Writing Linux Device Drivers in Assembly Language.pdf '
0000000000000 	 'Writing Network Drivers in Go.pdf '
0000000000000 	 'Writing R Extensions.pdf '
0000000000000 	 'Xhosa-TY.pdf '
0000000000000 	 'X-Ray - A Function Call Tracing System.pdf '
0000000000000 	 'xv6 - a simple, Unix-like teaching operating system.pdf '
0000000000000 	 'Yaqui Language, A Preliminary Sketch of the (Mason) (1923).pdf '
0000000000000 	 'Yiddish-Routledge.pdf '
0000000000000 	 'Yonsei Korean 1-1 - Yonsei Korean Institute.pdf '
0000000000000 	 'Yoruba-Routledge.pdf '
0000000000000 	 'Yoruba-TY.pdf '
9789781937965 	 'Yorùbá Yé Mi_ A Beginning Yorùbá Textbook (1_2) .pdf '
0000000000000 	 'Your First 100 Words in Pashto.pdf '
0000000000000 	 'ZeroMQ.pdf '
0000000000000 	 'Zulu-TY.pdf '
